// Alarm Init,,,,
//,3,,,
// Name,ID,CD,Enabled,Text
EQP-DDMotorError,10001,,1,EQP-DDMotorError
EQP-CDAError,10002,,1,EQP-CDAError
EQP-EMO,10003,,1,EQP-EMO
EQP-StageVacuumError,10004,,1,EQP-StageVacuumError
EQP-CylinderUpError,10005,,1,EQP-CylinderUpError
EQP-CylinderDownError,10006,,1,EQP-CylinderDownError
EQP-DoorOpen,10007,,1,EQP-DoorOpen
EQP-AxleCardError,10008,,1,EQP-AxleCardError
EQP-IOCardError,10009,,1,EQP-IOCardError
EQP-DataAnalysisError,10010,,1,EQP-DataAnalysisError
EQP-PT_PLC_ReturnHomeBlockError,10011,,1,PT_PLC_ReturnHomeBlockError
EQP-PT_PLC_ReturnHomeError,10012,,1,PT_PLC_ReturnHomeError
EQP-PT_PLC_MoveToSafePointError,10013,,1,PT_PLC_MoveToSafePointError
EQP-PT_PLC_MoveTimeoutError,10014,,1,PT_PLC_MoveTimeoutError
EFEM-GetVersionError,20001,,1,EFEM-GetVersionError
EFEM-RemoteControlError,20002,,1,EFEM-RemoteControlError
EFEM-LocalControlError,20003,,1,EFEM-LocalControlError
EFEM-GetCurrentModeError,20004,,1,EFEM-GetCurrentModeError
EFEM-GetStatusError,20005,,1,EFEM-GetStatusError
EFEM-All_HomeError,20006,,1,EFEM-All_HomeError
EFEM-All_ResetError,20007,,1,EFEM-All_ResetError
EFEM-Stage1_HomeError,20008,,1,EFEM-Stage1_HomeError
EFEM-Loadport_P1_GetStatusError,30001,,1,EFEM-Loadport_P1_GetStatusError
EFEM-Loadport_P2_GetStatusError,30002,,1,EFEM-Loadport_P2_GetStatusError
EFEM-Loadport_P1_HomeError,30003,,1,EFEM-Loadport_P1_HomeError
EFEM-Loadport_P2_HomeError,30004,,1,EFEM-Loadport_P2_HomeError
EFEM-Loadport_P1_ResetError,30005,,1,EFEM-Loadport_P1_ResetError
EFEM-Loadport_P2_ResetError,30006,,1,EFEM-Loadport_P2_ResetError
EFEM-Loadport_P1_ResetComPortError,30007,,1,EFEM-Loadport_P1_ResetComPortError
EFEM-Loadport_P2_ResetComPortError,30008,,1,EFEM-Loadport_P2_ResetComPortError
EFEM-Loadport_P1_ReadFoupIDError,30009,,1,EFEM-Loadport_P1_ReadFoupIDError
EFEM-Loadport_P2_ReadFoupIDError,30010,,1,EFEM-Loadport_P2_ReadFoupIDError
EFEM-Loadport_P1_ClampError,30011,,1,EFEM-Loadport_P1_ClampError
EFEM-Loadport_P2_ClampError,30012,,1,EFEM-Loadport_P2_ClampError
EFEM-Loadport_P1_LoadError,30013,,1,EFEM-Loadport_P1_LoadError
EFEM-Loadport_P2_LoadError,30014,,1,EFEM-Loadport_P2_LoadError
EFEM-Loadport_P1_UnloadError,30015,,1,EFEM-Loadport_P1_UnloadError
EFEM-Loadport_P2_UnloadError,30016,,1,EFEM-Loadport_P2_UnloadError
EFEM-Loadport_P1_MapError,30017,,1,EFEM-Loadport_P1_MapError
EFEM-Loadport_P2_MapError,30018,,1,EFEM-Loadport_P2_MapError
EFEM-Loadport_P1_StopError,30019,,1,EFEM-Loadport_P1_StopError
EFEM-Loadport_P2_StopError,30020,,1,EFEM-Loadport_P2_StopError
EFEM-Loadport_P1_GetWaferSlotError,30021,,1,EFEM-Loadport_P1_GetWaferSlotError
EFEM-Loadport_P2_GetWaferSlotError,30022,,1,EFEM-Loadport_P2_GetWaferSlotError
EFEM-Loadport_P1_GetWaferSlot2Error,30023,,1,EFEM-Loadport_P1_GetWaferSlot2Error
EFEM-Loadport_P2_GetWaferSlot2Error,30024,,1,EFEM-Loadport_P2_GetWaferSlot2Error
EFEM-Loadport_P1_GetWaferThicknessError,30025,,1,EFEM-Loadport_P1_GetWaferThicknessError
EFEM-Loadport_P2_GetWaferThicknessError,30026,,1,EFEM-Loadport_P2_GetWaferThicknessError
EFEM-Loadport_P1_LEDLoadOnError,30027,,1,EFEM-Loadport_P1_LEDLoadOnError
EFEM-Loadport_P1_LEDLoadOffError,30028,,1,EFEM-Loadport_P1_LEDLoadOffError
EFEM-Loadport_P1_LEDLoadFlashError,30029,,1,EFEM-Loadport_P1_LEDLoadFlashError
EFEM-Loadport_P2_LEDLoadOnError,30030,,1,EFEM-Loadport_P2_LEDLoadOnError
EFEM-Loadport_P2_LEDLoadOffError,30031,,1,EFEM-Loadport_P2_LEDLoadOffError
EFEM-Loadport_P2_LEDLoadFlashError,30032,,1,EFEM-Loadport_P2_LEDLoadFlashError
EFEM-Loadport_P1_LEDUnLoadOnError,30033,,1,EFEM-Loadport_P1_LEDUnLoadOnError
EFEM-Loadport_P1_LEDUnLoadOffError,30034,,1,EFEM-Loadport_P1_LEDUnLoadOffError
EFEM-Loadport_P1_LEDUnLoadFlashError,30035,,1,EFEM-Loadport_P1_LEDUnLoadFlashError
EFEM-Loadport_P2_LEDUnLoadOnError,30036,,1,EFEM-Loadport_P2_LEDUnLoadOnError
EFEM-Loadport_P2_LEDUnLoadOffError,30037,,1,EFEM-Loadport_P2_LEDUnLoadOffError
EFEM-Loadport_P2_LEDUnLoadFlashError,30038,,1,EFEM-Loadport_P2_LEDUnLoadFlashError
EFEM-Loadport_P1_LEDStatus1OnError,30039,,1,EFEM-Loadport_P1_LEDStatus1OnError
EFEM-Loadport_P1_LEDStatus1OffError,30040,,1,EFEM-Loadport_P1_LEDStatus1OffError
EFEM-Loadport_P1_LEDStatus1FlashError,30041,,1,EFEM-Loadport_P1_LEDStatus1FlashError
EFEM-Loadport_P2_LEDStatus1OnError,30042,,1,EFEM-Loadport_P2_LEDStatus1OnError
EFEM-Loadport_P2_LEDStatus1OffError,30043,,1,EFEM-Loadport_P2_LEDStatus1OffError
EFEM-Loadport_P2_LEDStatus1FlashError,30044,,1,EFEM-Loadport_P2_LEDStatus1FlashError
EFEM-Loadport_P1_LEDStatus2OnError,30045,,1,EFEM-Loadport_P1_LEDStatus2OnError
EFEM-Loadport_P1_LEDStatus2OffError,30046,,1,EFEM-Loadport_P1_LEDStatus2OffError
EFEM-Loadport_P1_LEDStatus2FlashError,30047,,1,EFEM-Loadport_P1_LEDStatus2FlashError
EFEM-Loadport_P2_LEDStatus2OnError,30048,,1,EFEM-Loadport_P2_LEDStatus2OnError
EFEM-Loadport_P2_LEDStatus2OffError,30049,,1,EFEM-Loadport_P2_LEDStatus2OffError
EFEM-Loadport_P2_LEDStatus2FlashError,30050,,1,EFEM-Loadport_P2_LEDStatus2FlashError
EFEM-Loadport_P1_GetLEDStatusError,30051,,1,EFEM-Loadport_P1_GetLEDStatusError
EFEM-Loadport_P2_GetLEDStatusError,30052,,1,EFEM-Loadport_P2_GetLEDStatusError
EFEM-Loadport_P1_SetOperatorAccessButtonOnError,30053,,1,EFEM-Loadport_P1_SetOperatorAccessButtonOnError
EFEM-Loadport_P1_SetOperatorAccessButtonOffError,30054,,1,EFEM-Loadport_P1_SetOperatorAccessButtonOffError
EFEM-Loadport_P1_SetOperatorAccessButtonFlashError,30055,,1,EFEM-Loadport_P1_SetOperatorAccessButtonFlashError
EFEM-Loadport_P2_SetOperatorAccessButtonOnError,30056,,1,EFEM-Loadport_P2_SetOperatorAccessButtonOnError
EFEM-Loadport_P2_SetOperatorAccessButtonOffError,30057,,1,EFEM-Loadport_P2_SetOperatorAccessButtonOffError
EFEM-Loadport_P2_SetOperatorAccessButtonFlashError,30058,,1,EFEM-Loadport_P2_SetOperatorAccessButtonFlashError
EFEM-Loadport_P1_GetZAxisPosError,30059,,1,EFEM-Loadport_P1_GetZAxisPosError
EFEM-Loadport_P2_GetZAxisPosError,30060,,1,EFEM-Loadport_P2_GetZAxisPosError
EFEM-Robot_GetStatusError,40001,,1,EFEM-Robot_GetStatusError
EFEM-Robot_StopError,40002,,1,EFEM-Robot_StopError
EFEM-Robot_ReStartError,40003,,1,EFEM-Robot_ReStartError
EFEM-Robot_SetRobotSpeedError,40004,,1,EFEM-Robot_SetRobotSpeedError
EFEM-Robot_ReadPositionError,40005,,1,EFEM-Robot_ReadPositionError
EFEM-Robot_WaferGetError(LowerArm-P1-Slot1),40006,,1,EFEM-Robot_WaferGetError(LowerArm-P1-Slot1)
EFEM-Robot_WaferGetError(LowerArm-P1-Slot2),40007,,1,EFEM-Robot_WaferGetError(LowerArm-P1-Slot2)
EFEM-Robot_WaferGetError(LowerArm-P1-Slot3),40008,,1,EFEM-Robot_WaferGetError(LowerArm-P1-Slot3)
EFEM-Robot_WaferGetError(LowerArm-P1-Slot4),40009,,1,EFEM-Robot_WaferGetError(LowerArm-P1-Slot4)
EFEM-Robot_WaferGetError(LowerArm-P1-Slot5),40010,,1,EFEM-Robot_WaferGetError(LowerArm-P1-Slot5)
EFEM-Robot_WaferGetError(LowerArm-P1-Slot6),40011,,1,EFEM-Robot_WaferGetError(LowerArm-P1-Slot6)
EFEM-Robot_WaferGetError(LowerArm-P1-Slot7),40012,,1,EFEM-Robot_WaferGetError(LowerArm-P1-Slot7)
EFEM-Robot_WaferGetError(LowerArm-P1-Slot8),40013,,1,EFEM-Robot_WaferGetError(LowerArm-P1-Slot8)
EFEM-Robot_WaferGetError(LowerArm-P1-Slot9),40014,,1,EFEM-Robot_WaferGetError(LowerArm-P1-Slot9)
EFEM-Robot_WaferGetError(LowerArm-P1-Slot10),40015,,1,EFEM-Robot_WaferGetError(LowerArm-P1-Slot10)
EFEM-Robot_WaferGetError(LowerArm-P1-Slot11),40016,,1,EFEM-Robot_WaferGetError(LowerArm-P1-Slot11)
EFEM-Robot_WaferGetError(LowerArm-P1-Slot12),40017,,1,EFEM-Robot_WaferGetError(LowerArm-P1-Slot12)
EFEM-Robot_WaferGetError(LowerArm-P1-Slot13),40018,,1,EFEM-Robot_WaferGetError(LowerArm-P1-Slot13)
EFEM-Robot_WaferGetError(LowerArm-P1-Slot14),40019,,1,EFEM-Robot_WaferGetError(LowerArm-P1-Slot14)
EFEM-Robot_WaferGetError(LowerArm-P1-Slot15),40020,,1,EFEM-Robot_WaferGetError(LowerArm-P1-Slot15)
EFEM-Robot_WaferGetError(LowerArm-P1-Slot16),40021,,1,EFEM-Robot_WaferGetError(LowerArm-P1-Slot16)
EFEM-Robot_WaferGetError(LowerArm-P1-Slot17),40022,,1,EFEM-Robot_WaferGetError(LowerArm-P1-Slot17)
EFEM-Robot_WaferGetError(LowerArm-P1-Slot18),40023,,1,EFEM-Robot_WaferGetError(LowerArm-P1-Slot18)
EFEM-Robot_WaferGetError(LowerArm-P1-Slot19),40024,,1,EFEM-Robot_WaferGetError(LowerArm-P1-Slot19)
EFEM-Robot_WaferGetError(LowerArm-P1-Slot20),40025,,1,EFEM-Robot_WaferGetError(LowerArm-P1-Slot20)
EFEM-Robot_WaferGetError(LowerArm-P1-Slot21),40026,,1,EFEM-Robot_WaferGetError(LowerArm-P1-Slot21)
EFEM-Robot_WaferGetError(LowerArm-P1-Slot22),40027,,1,EFEM-Robot_WaferGetError(LowerArm-P1-Slot22)
EFEM-Robot_WaferGetError(LowerArm-P1-Slot23),40028,,1,EFEM-Robot_WaferGetError(LowerArm-P1-Slot23)
EFEM-Robot_WaferGetError(LowerArm-P1-Slot24),40029,,1,EFEM-Robot_WaferGetError(LowerArm-P1-Slot24)
EFEM-Robot_WaferGetError(LowerArm-P1-Slot25),40030,,1,EFEM-Robot_WaferGetError(LowerArm-P1-Slot25)
EFEM-Robot_WaferGetError(UpperArm-P1-Slot1),40031,,1,EFEM-Robot_WaferGetError(UpperArm-P1-Slot1)
EFEM-Robot_WaferGetError(UpperArm-P1-Slot2),40032,,1,EFEM-Robot_WaferGetError(UpperArm-P1-Slot2)
EFEM-Robot_WaferGetError(UpperArm-P1-Slot3),40033,,1,EFEM-Robot_WaferGetError(UpperArm-P1-Slot3)
EFEM-Robot_WaferGetError(UpperArm-P1-Slot4),40034,,1,EFEM-Robot_WaferGetError(UpperArm-P1-Slot4)
EFEM-Robot_WaferGetError(UpperArm-P1-Slot5),40035,,1,EFEM-Robot_WaferGetError(UpperArm-P1-Slot5)
EFEM-Robot_WaferGetError(UpperArm-P1-Slot6),40036,,1,EFEM-Robot_WaferGetError(UpperArm-P1-Slot6)
EFEM-Robot_WaferGetError(UpperArm-P1-Slot7),40037,,1,EFEM-Robot_WaferGetError(UpperArm-P1-Slot7)
EFEM-Robot_WaferGetError(UpperArm-P1-Slot8),40038,,1,EFEM-Robot_WaferGetError(UpperArm-P1-Slot8)
EFEM-Robot_WaferGetError(UpperArm-P1-Slot9),40039,,1,EFEM-Robot_WaferGetError(UpperArm-P1-Slot9)
EFEM-Robot_WaferGetError(UpperArm-P1-Slot10),40040,,1,EFEM-Robot_WaferGetError(UpperArm-P1-Slot10)
EFEM-Robot_WaferGetError(UpperArm-P1-Slot11),40041,,1,EFEM-Robot_WaferGetError(UpperArm-P1-Slot11)
EFEM-Robot_WaferGetError(UpperArm-P1-Slot12),40042,,1,EFEM-Robot_WaferGetError(UpperArm-P1-Slot12)
EFEM-Robot_WaferGetError(UpperArm-P1-Slot13),40043,,1,EFEM-Robot_WaferGetError(UpperArm-P1-Slot13)
EFEM-Robot_WaferGetError(UpperArm-P1-Slot14),40044,,1,EFEM-Robot_WaferGetError(UpperArm-P1-Slot14)
EFEM-Robot_WaferGetError(UpperArm-P1-Slot15),40045,,1,EFEM-Robot_WaferGetError(UpperArm-P1-Slot15)
EFEM-Robot_WaferGetError(UpperArm-P1-Slot16),40046,,1,EFEM-Robot_WaferGetError(UpperArm-P1-Slot16)
EFEM-Robot_WaferGetError(UpperArm-P1-Slot17),40047,,1,EFEM-Robot_WaferGetError(UpperArm-P1-Slot17)
EFEM-Robot_WaferGetError(UpperArm-P1-Slot18),40048,,1,EFEM-Robot_WaferGetError(UpperArm-P1-Slot18)
EFEM-Robot_WaferGetError(UpperArm-P1-Slot19),40049,,1,EFEM-Robot_WaferGetError(UpperArm-P1-Slot19)
EFEM-Robot_WaferGetError(UpperArm-P1-Slot20),40050,,1,EFEM-Robot_WaferGetError(UpperArm-P1-Slot20)
EFEM-Robot_WaferGetError(UpperArm-P1-Slot21),40051,,1,EFEM-Robot_WaferGetError(UpperArm-P1-Slot21)
EFEM-Robot_WaferGetError(UpperArm-P1-Slot22),40052,,1,EFEM-Robot_WaferGetError(UpperArm-P1-Slot22)
EFEM-Robot_WaferGetError(UpperArm-P1-Slot23),40053,,1,EFEM-Robot_WaferGetError(UpperArm-P1-Slot23)
EFEM-Robot_WaferGetError(UpperArm-P1-Slot24),40054,,1,EFEM-Robot_WaferGetError(UpperArm-P1-Slot24)
EFEM-Robot_WaferGetError(UpperArm-P1-Slot25),40055,,1,EFEM-Robot_WaferGetError(UpperArm-P1-Slot25)
EFEM-Robot_WaferGetError(LowerArm-P2-Slot1),40056,,1,EFEM-Robot_WaferGetError(LowerArm-P2-Slot1)
EFEM-Robot_WaferGetError(LowerArm-P2-Slot2),40057,,1,EFEM-Robot_WaferGetError(LowerArm-P2-Slot2)
EFEM-Robot_WaferGetError(LowerArm-P2-Slot3),40058,,1,EFEM-Robot_WaferGetError(LowerArm-P2-Slot3)
EFEM-Robot_WaferGetError(LowerArm-P2-Slot4),40059,,1,EFEM-Robot_WaferGetError(LowerArm-P2-Slot4)
EFEM-Robot_WaferGetError(LowerArm-P2-Slot5),40060,,1,EFEM-Robot_WaferGetError(LowerArm-P2-Slot5)
EFEM-Robot_WaferGetError(LowerArm-P2-Slot6),40061,,1,EFEM-Robot_WaferGetError(LowerArm-P2-Slot6)
EFEM-Robot_WaferGetError(LowerArm-P2-Slot7),40062,,1,EFEM-Robot_WaferGetError(LowerArm-P2-Slot7)
EFEM-Robot_WaferGetError(LowerArm-P2-Slot8),40063,,1,EFEM-Robot_WaferGetError(LowerArm-P2-Slot8)
EFEM-Robot_WaferGetError(LowerArm-P2-Slot9),40064,,1,EFEM-Robot_WaferGetError(LowerArm-P2-Slot9)
EFEM-Robot_WaferGetError(LowerArm-P2-Slot10),40065,,1,EFEM-Robot_WaferGetError(LowerArm-P2-Slot10)
EFEM-Robot_WaferGetError(LowerArm-P2-Slot11),40066,,1,EFEM-Robot_WaferGetError(LowerArm-P2-Slot11)
EFEM-Robot_WaferGetError(LowerArm-P2-Slot12),40067,,1,EFEM-Robot_WaferGetError(LowerArm-P2-Slot12)
EFEM-Robot_WaferGetError(LowerArm-P2-Slot13),40068,,1,EFEM-Robot_WaferGetError(LowerArm-P2-Slot13)
EFEM-Robot_WaferGetError(LowerArm-P2-Slot14),40069,,1,EFEM-Robot_WaferGetError(LowerArm-P2-Slot14)
EFEM-Robot_WaferGetError(LowerArm-P2-Slot15),40070,,1,EFEM-Robot_WaferGetError(LowerArm-P2-Slot15)
EFEM-Robot_WaferGetError(LowerArm-P2-Slot16),40071,,1,EFEM-Robot_WaferGetError(LowerArm-P2-Slot16)
EFEM-Robot_WaferGetError(LowerArm-P2-Slot17),40072,,1,EFEM-Robot_WaferGetError(LowerArm-P2-Slot17)
EFEM-Robot_WaferGetError(LowerArm-P2-Slot18),40073,,1,EFEM-Robot_WaferGetError(LowerArm-P2-Slot18)
EFEM-Robot_WaferGetError(LowerArm-P2-Slot19),40074,,1,EFEM-Robot_WaferGetError(LowerArm-P2-Slot19)
EFEM-Robot_WaferGetError(LowerArm-P2-Slot20),40075,,1,EFEM-Robot_WaferGetError(LowerArm-P2-Slot20)
EFEM-Robot_WaferGetError(LowerArm-P2-Slot21),40076,,1,EFEM-Robot_WaferGetError(LowerArm-P2-Slot21)
EFEM-Robot_WaferGetError(LowerArm-P2-Slot22),40077,,1,EFEM-Robot_WaferGetError(LowerArm-P2-Slot22)
EFEM-Robot_WaferGetError(LowerArm-P2-Slot23),40078,,1,EFEM-Robot_WaferGetError(LowerArm-P2-Slot23)
EFEM-Robot_WaferGetError(LowerArm-P2-Slot24),40079,,1,EFEM-Robot_WaferGetError(LowerArm-P2-Slot24)
EFEM-Robot_WaferGetError(LowerArm-P2-Slot25),40080,,1,EFEM-Robot_WaferGetError(LowerArm-P2-Slot25)
EFEM-Robot_WaferGetError(UpperArm-P2-Slot1),40081,,1,EFEM-Robot_WaferGetError(UpperArm-P2-Slot1)
EFEM-Robot_WaferGetError(UpperArm-P2-Slot2),40082,,1,EFEM-Robot_WaferGetError(UpperArm-P2-Slot2)
EFEM-Robot_WaferGetError(UpperArm-P2-Slot3),40083,,1,EFEM-Robot_WaferGetError(UpperArm-P2-Slot3)
EFEM-Robot_WaferGetError(UpperArm-P2-Slot4),40084,,1,EFEM-Robot_WaferGetError(UpperArm-P2-Slot4)
EFEM-Robot_WaferGetError(UpperArm-P2-Slot5),40085,,1,EFEM-Robot_WaferGetError(UpperArm-P2-Slot5)
EFEM-Robot_WaferGetError(UpperArm-P2-Slot6),40086,,1,EFEM-Robot_WaferGetError(UpperArm-P2-Slot6)
EFEM-Robot_WaferGetError(UpperArm-P2-Slot7),40087,,1,EFEM-Robot_WaferGetError(UpperArm-P2-Slot7)
EFEM-Robot_WaferGetError(UpperArm-P2-Slot8),40088,,1,EFEM-Robot_WaferGetError(UpperArm-P2-Slot8)
EFEM-Robot_WaferGetError(UpperArm-P2-Slot9),40089,,1,EFEM-Robot_WaferGetError(UpperArm-P2-Slot9)
EFEM-Robot_WaferGetError(UpperArm-P2-Slot10),40090,,1,EFEM-Robot_WaferGetError(UpperArm-P2-Slot10)
EFEM-Robot_WaferGetError(UpperArm-P2-Slot11),40091,,1,EFEM-Robot_WaferGetError(UpperArm-P2-Slot11)
EFEM-Robot_WaferGetError(UpperArm-P2-Slot12),40092,,1,EFEM-Robot_WaferGetError(UpperArm-P2-Slot12)
EFEM-Robot_WaferGetError(UpperArm-P2-Slot13),40093,,1,EFEM-Robot_WaferGetError(UpperArm-P2-Slot13)
EFEM-Robot_WaferGetError(UpperArm-P2-Slot14),40094,,1,EFEM-Robot_WaferGetError(UpperArm-P2-Slot14)
EFEM-Robot_WaferGetError(UpperArm-P2-Slot15),40095,,1,EFEM-Robot_WaferGetError(UpperArm-P2-Slot15)
EFEM-Robot_WaferGetError(UpperArm-P2-Slot16),40096,,1,EFEM-Robot_WaferGetError(UpperArm-P2-Slot16)
EFEM-Robot_WaferGetError(UpperArm-P2-Slot17),40097,,1,EFEM-Robot_WaferGetError(UpperArm-P2-Slot17)
EFEM-Robot_WaferGetError(UpperArm-P2-Slot18),40098,,1,EFEM-Robot_WaferGetError(UpperArm-P2-Slot18)
EFEM-Robot_WaferGetError(UpperArm-P2-Slot19),40099,,1,EFEM-Robot_WaferGetError(UpperArm-P2-Slot19)
EFEM-Robot_WaferGetError(UpperArm-P2-Slot20),40100,,1,EFEM-Robot_WaferGetError(UpperArm-P2-Slot20)
EFEM-Robot_WaferGetError(UpperArm-P2-Slot21),40101,,1,EFEM-Robot_WaferGetError(UpperArm-P2-Slot21)
EFEM-Robot_WaferGetError(UpperArm-P2-Slot22),40102,,1,EFEM-Robot_WaferGetError(UpperArm-P2-Slot22)
EFEM-Robot_WaferGetError(UpperArm-P2-Slot23),40103,,1,EFEM-Robot_WaferGetError(UpperArm-P2-Slot23)
EFEM-Robot_WaferGetError(UpperArm-P2-Slot24),40104,,1,EFEM-Robot_WaferGetError(UpperArm-P2-Slot24)
EFEM-Robot_WaferGetError(UpperArm-P2-Slot25),40105,,1,EFEM-Robot_WaferGetError(UpperArm-P2-Slot25)
EFEM-Robot_WaferGetError(LowerArm-Aligner1-Slot1),40106,,1,EFEM-Robot_WaferGetError(LowerArm-Aligner1-Slot1)
EFEM-Robot_WaferGetError(LowerArm-Aligner1-Slot2),40107,,1,EFEM-Robot_WaferGetError(LowerArm-Aligner1-Slot2)
EFEM-Robot_WaferGetError(LowerArm-Aligner1-Slot3),40108,,1,EFEM-Robot_WaferGetError(LowerArm-Aligner1-Slot3)
EFEM-Robot_WaferGetError(LowerArm-Aligner1-Slot4),40109,,1,EFEM-Robot_WaferGetError(LowerArm-Aligner1-Slot4)
EFEM-Robot_WaferGetError(LowerArm-Aligner1-Slot5),40110,,1,EFEM-Robot_WaferGetError(LowerArm-Aligner1-Slot5)
EFEM-Robot_WaferGetError(LowerArm-Aligner1-Slot6),40111,,1,EFEM-Robot_WaferGetError(LowerArm-Aligner1-Slot6)
EFEM-Robot_WaferGetError(LowerArm-Aligner1-Slot7),40112,,1,EFEM-Robot_WaferGetError(LowerArm-Aligner1-Slot7)
EFEM-Robot_WaferGetError(LowerArm-Aligner1-Slot8),40113,,1,EFEM-Robot_WaferGetError(LowerArm-Aligner1-Slot8)
EFEM-Robot_WaferGetError(LowerArm-Aligner1-Slot9),40114,,1,EFEM-Robot_WaferGetError(LowerArm-Aligner1-Slot9)
EFEM-Robot_WaferGetError(LowerArm-Aligner1-Slot10),40115,,1,EFEM-Robot_WaferGetError(LowerArm-Aligner1-Slot10)
EFEM-Robot_WaferGetError(LowerArm-Aligner1-Slot11),40116,,1,EFEM-Robot_WaferGetError(LowerArm-Aligner1-Slot11)
EFEM-Robot_WaferGetError(LowerArm-Aligner1-Slot12),40117,,1,EFEM-Robot_WaferGetError(LowerArm-Aligner1-Slot12)
EFEM-Robot_WaferGetError(LowerArm-Aligner1-Slot13),40118,,1,EFEM-Robot_WaferGetError(LowerArm-Aligner1-Slot13)
EFEM-Robot_WaferGetError(LowerArm-Aligner1-Slot14),40119,,1,EFEM-Robot_WaferGetError(LowerArm-Aligner1-Slot14)
EFEM-Robot_WaferGetError(LowerArm-Aligner1-Slot15),40120,,1,EFEM-Robot_WaferGetError(LowerArm-Aligner1-Slot15)
EFEM-Robot_WaferGetError(LowerArm-Aligner1-Slot16),40121,,1,EFEM-Robot_WaferGetError(LowerArm-Aligner1-Slot16)
EFEM-Robot_WaferGetError(LowerArm-Aligner1-Slot17),40122,,1,EFEM-Robot_WaferGetError(LowerArm-Aligner1-Slot17)
EFEM-Robot_WaferGetError(LowerArm-Aligner1-Slot18),40123,,1,EFEM-Robot_WaferGetError(LowerArm-Aligner1-Slot18)
EFEM-Robot_WaferGetError(LowerArm-Aligner1-Slot19),40124,,1,EFEM-Robot_WaferGetError(LowerArm-Aligner1-Slot19)
EFEM-Robot_WaferGetError(LowerArm-Aligner1-Slot20),40125,,1,EFEM-Robot_WaferGetError(LowerArm-Aligner1-Slot20)
EFEM-Robot_WaferGetError(LowerArm-Aligner1-Slot21),40126,,1,EFEM-Robot_WaferGetError(LowerArm-Aligner1-Slot21)
EFEM-Robot_WaferGetError(LowerArm-Aligner1-Slot22),40127,,1,EFEM-Robot_WaferGetError(LowerArm-Aligner1-Slot22)
EFEM-Robot_WaferGetError(LowerArm-Aligner1-Slot23),40128,,1,EFEM-Robot_WaferGetError(LowerArm-Aligner1-Slot23)
EFEM-Robot_WaferGetError(LowerArm-Aligner1-Slot24),40129,,1,EFEM-Robot_WaferGetError(LowerArm-Aligner1-Slot24)
EFEM-Robot_WaferGetError(LowerArm-Aligner1-Slot25),40130,,1,EFEM-Robot_WaferGetError(LowerArm-Aligner1-Slot25)
EFEM-Robot_WaferGetError(UpperArm-Aligner1-Slot1),40131,,1,EFEM-Robot_WaferGetError(UpperArm-Aligner1-Slot1)
EFEM-Robot_WaferGetError(UpperArm-Aligner1-Slot2),40132,,1,EFEM-Robot_WaferGetError(UpperArm-Aligner1-Slot2)
EFEM-Robot_WaferGetError(UpperArm-Aligner1-Slot3),40133,,1,EFEM-Robot_WaferGetError(UpperArm-Aligner1-Slot3)
EFEM-Robot_WaferGetError(UpperArm-Aligner1-Slot4),40134,,1,EFEM-Robot_WaferGetError(UpperArm-Aligner1-Slot4)
EFEM-Robot_WaferGetError(UpperArm-Aligner1-Slot5),40135,,1,EFEM-Robot_WaferGetError(UpperArm-Aligner1-Slot5)
EFEM-Robot_WaferGetError(UpperArm-Aligner1-Slot6),40136,,1,EFEM-Robot_WaferGetError(UpperArm-Aligner1-Slot6)
EFEM-Robot_WaferGetError(UpperArm-Aligner1-Slot7),40137,,1,EFEM-Robot_WaferGetError(UpperArm-Aligner1-Slot7)
EFEM-Robot_WaferGetError(UpperArm-Aligner1-Slot8),40138,,1,EFEM-Robot_WaferGetError(UpperArm-Aligner1-Slot8)
EFEM-Robot_WaferGetError(UpperArm-Aligner1-Slot9),40139,,1,EFEM-Robot_WaferGetError(UpperArm-Aligner1-Slot9)
EFEM-Robot_WaferGetError(UpperArm-Aligner1-Slot10),40140,,1,EFEM-Robot_WaferGetError(UpperArm-Aligner1-Slot10)
EFEM-Robot_WaferGetError(UpperArm-Aligner1-Slot11),40141,,1,EFEM-Robot_WaferGetError(UpperArm-Aligner1-Slot11)
EFEM-Robot_WaferGetError(UpperArm-Aligner1-Slot12),40142,,1,EFEM-Robot_WaferGetError(UpperArm-Aligner1-Slot12)
EFEM-Robot_WaferGetError(UpperArm-Aligner1-Slot13),40143,,1,EFEM-Robot_WaferGetError(UpperArm-Aligner1-Slot13)
EFEM-Robot_WaferGetError(UpperArm-Aligner1-Slot14),40144,,1,EFEM-Robot_WaferGetError(UpperArm-Aligner1-Slot14)
EFEM-Robot_WaferGetError(UpperArm-Aligner1-Slot15),40145,,1,EFEM-Robot_WaferGetError(UpperArm-Aligner1-Slot15)
EFEM-Robot_WaferGetError(UpperArm-Aligner1-Slot16),40146,,1,EFEM-Robot_WaferGetError(UpperArm-Aligner1-Slot16)
EFEM-Robot_WaferGetError(UpperArm-Aligner1-Slot17),40147,,1,EFEM-Robot_WaferGetError(UpperArm-Aligner1-Slot17)
EFEM-Robot_WaferGetError(UpperArm-Aligner1-Slot18),40148,,1,EFEM-Robot_WaferGetError(UpperArm-Aligner1-Slot18)
EFEM-Robot_WaferGetError(UpperArm-Aligner1-Slot19),40149,,1,EFEM-Robot_WaferGetError(UpperArm-Aligner1-Slot19)
EFEM-Robot_WaferGetError(UpperArm-Aligner1-Slot20),40150,,1,EFEM-Robot_WaferGetError(UpperArm-Aligner1-Slot20)
EFEM-Robot_WaferGetError(UpperArm-Aligner1-Slot21),40151,,1,EFEM-Robot_WaferGetError(UpperArm-Aligner1-Slot21)
EFEM-Robot_WaferGetError(UpperArm-Aligner1-Slot22),40152,,1,EFEM-Robot_WaferGetError(UpperArm-Aligner1-Slot22)
EFEM-Robot_WaferGetError(UpperArm-Aligner1-Slot23),40153,,1,EFEM-Robot_WaferGetError(UpperArm-Aligner1-Slot23)
EFEM-Robot_WaferGetError(UpperArm-Aligner1-Slot24),40154,,1,EFEM-Robot_WaferGetError(UpperArm-Aligner1-Slot24)
EFEM-Robot_WaferGetError(UpperArm-Aligner1-Slot25),40155,,1,EFEM-Robot_WaferGetError(UpperArm-Aligner1-Slot25)
EFEM-Robot_WaferGetError(LowerArm-Stage1-Slot1),40156,,1,EFEM-Robot_WaferGetError(LowerArm-Stage1-Slot1)
EFEM-Robot_WaferGetError(LowerArm-Stage1-Slot2),40157,,1,EFEM-Robot_WaferGetError(LowerArm-Stage1-Slot2)
EFEM-Robot_WaferGetError(LowerArm-Stage1-Slot3),40158,,1,EFEM-Robot_WaferGetError(LowerArm-Stage1-Slot3)
EFEM-Robot_WaferGetError(LowerArm-Stage1-Slot4),40159,,1,EFEM-Robot_WaferGetError(LowerArm-Stage1-Slot4)
EFEM-Robot_WaferGetError(LowerArm-Stage1-Slot5),40160,,1,EFEM-Robot_WaferGetError(LowerArm-Stage1-Slot5)
EFEM-Robot_WaferGetError(LowerArm-Stage1-Slot6),40161,,1,EFEM-Robot_WaferGetError(LowerArm-Stage1-Slot6)
EFEM-Robot_WaferGetError(LowerArm-Stage1-Slot7),40162,,1,EFEM-Robot_WaferGetError(LowerArm-Stage1-Slot7)
EFEM-Robot_WaferGetError(LowerArm-Stage1-Slot8),40163,,1,EFEM-Robot_WaferGetError(LowerArm-Stage1-Slot8)
EFEM-Robot_WaferGetError(LowerArm-Stage1-Slot9),40164,,1,EFEM-Robot_WaferGetError(LowerArm-Stage1-Slot9)
EFEM-Robot_WaferGetError(LowerArm-Stage1-Slot10),40165,,1,EFEM-Robot_WaferGetError(LowerArm-Stage1-Slot10)
EFEM-Robot_WaferGetError(LowerArm-Stage1-Slot11),40166,,1,EFEM-Robot_WaferGetError(LowerArm-Stage1-Slot11)
EFEM-Robot_WaferGetError(LowerArm-Stage1-Slot12),40167,,1,EFEM-Robot_WaferGetError(LowerArm-Stage1-Slot12)
EFEM-Robot_WaferGetError(LowerArm-Stage1-Slot13),40168,,1,EFEM-Robot_WaferGetError(LowerArm-Stage1-Slot13)
EFEM-Robot_WaferGetError(LowerArm-Stage1-Slot14),40169,,1,EFEM-Robot_WaferGetError(LowerArm-Stage1-Slot14)
EFEM-Robot_WaferGetError(LowerArm-Stage1-Slot15),40170,,1,EFEM-Robot_WaferGetError(LowerArm-Stage1-Slot15)
EFEM-Robot_WaferGetError(LowerArm-Stage1-Slot16),40171,,1,EFEM-Robot_WaferGetError(LowerArm-Stage1-Slot16)
EFEM-Robot_WaferGetError(LowerArm-Stage1-Slot17),40172,,1,EFEM-Robot_WaferGetError(LowerArm-Stage1-Slot17)
EFEM-Robot_WaferGetError(LowerArm-Stage1-Slot18),40173,,1,EFEM-Robot_WaferGetError(LowerArm-Stage1-Slot18)
EFEM-Robot_WaferGetError(LowerArm-Stage1-Slot19),40174,,1,EFEM-Robot_WaferGetError(LowerArm-Stage1-Slot19)
EFEM-Robot_WaferGetError(LowerArm-Stage1-Slot20),40175,,1,EFEM-Robot_WaferGetError(LowerArm-Stage1-Slot20)
EFEM-Robot_WaferGetError(LowerArm-Stage1-Slot21),40176,,1,EFEM-Robot_WaferGetError(LowerArm-Stage1-Slot21)
EFEM-Robot_WaferGetError(LowerArm-Stage1-Slot22),40177,,1,EFEM-Robot_WaferGetError(LowerArm-Stage1-Slot22)
EFEM-Robot_WaferGetError(LowerArm-Stage1-Slot23),40178,,1,EFEM-Robot_WaferGetError(LowerArm-Stage1-Slot23)
EFEM-Robot_WaferGetError(LowerArm-Stage1-Slot24),40179,,1,EFEM-Robot_WaferGetError(LowerArm-Stage1-Slot24)
EFEM-Robot_WaferGetError(LowerArm-Stage1-Slot25),40180,,1,EFEM-Robot_WaferGetError(LowerArm-Stage1-Slot25)
EFEM-Robot_WaferGetError(UpperArm-Stage1-Slot1),40181,,1,EFEM-Robot_WaferGetError(UpperArm-Stage1-Slot1)
EFEM-Robot_WaferGetError(UpperArm-Stage1-Slot2),40182,,1,EFEM-Robot_WaferGetError(UpperArm-Stage1-Slot2)
EFEM-Robot_WaferGetError(UpperArm-Stage1-Slot3),40183,,1,EFEM-Robot_WaferGetError(UpperArm-Stage1-Slot3)
EFEM-Robot_WaferGetError(UpperArm-Stage1-Slot4),40184,,1,EFEM-Robot_WaferGetError(UpperArm-Stage1-Slot4)
EFEM-Robot_WaferGetError(UpperArm-Stage1-Slot5),40185,,1,EFEM-Robot_WaferGetError(UpperArm-Stage1-Slot5)
EFEM-Robot_WaferGetError(UpperArm-Stage1-Slot6),40186,,1,EFEM-Robot_WaferGetError(UpperArm-Stage1-Slot6)
EFEM-Robot_WaferGetError(UpperArm-Stage1-Slot7),40187,,1,EFEM-Robot_WaferGetError(UpperArm-Stage1-Slot7)
EFEM-Robot_WaferGetError(UpperArm-Stage1-Slot8),40188,,1,EFEM-Robot_WaferGetError(UpperArm-Stage1-Slot8)
EFEM-Robot_WaferGetError(UpperArm-Stage1-Slot9),40189,,1,EFEM-Robot_WaferGetError(UpperArm-Stage1-Slot9)
EFEM-Robot_WaferGetError(UpperArm-Stage1-Slot10),40190,,1,EFEM-Robot_WaferGetError(UpperArm-Stage1-Slot10)
EFEM-Robot_WaferGetError(UpperArm-Stage1-Slot11),40191,,1,EFEM-Robot_WaferGetError(UpperArm-Stage1-Slot11)
EFEM-Robot_WaferGetError(UpperArm-Stage1-Slot12),40192,,1,EFEM-Robot_WaferGetError(UpperArm-Stage1-Slot12)
EFEM-Robot_WaferGetError(UpperArm-Stage1-Slot13),40193,,1,EFEM-Robot_WaferGetError(UpperArm-Stage1-Slot13)
EFEM-Robot_WaferGetError(UpperArm-Stage1-Slot14),40194,,1,EFEM-Robot_WaferGetError(UpperArm-Stage1-Slot14)
EFEM-Robot_WaferGetError(UpperArm-Stage1-Slot15),40195,,1,EFEM-Robot_WaferGetError(UpperArm-Stage1-Slot15)
EFEM-Robot_WaferGetError(UpperArm-Stage1-Slot16),40196,,1,EFEM-Robot_WaferGetError(UpperArm-Stage1-Slot16)
EFEM-Robot_WaferGetError(UpperArm-Stage1-Slot17),40197,,1,EFEM-Robot_WaferGetError(UpperArm-Stage1-Slot17)
EFEM-Robot_WaferGetError(UpperArm-Stage1-Slot18),40198,,1,EFEM-Robot_WaferGetError(UpperArm-Stage1-Slot18)
EFEM-Robot_WaferGetError(UpperArm-Stage1-Slot19),40199,,1,EFEM-Robot_WaferGetError(UpperArm-Stage1-Slot19)
EFEM-Robot_WaferGetError(UpperArm-Stage1-Slot20),40200,,1,EFEM-Robot_WaferGetError(UpperArm-Stage1-Slot20)
EFEM-Robot_WaferGetError(UpperArm-Stage1-Slot21),40201,,1,EFEM-Robot_WaferGetError(UpperArm-Stage1-Slot21)
EFEM-Robot_WaferGetError(UpperArm-Stage1-Slot22),40202,,1,EFEM-Robot_WaferGetError(UpperArm-Stage1-Slot22)
EFEM-Robot_WaferGetError(UpperArm-Stage1-Slot23),40203,,1,EFEM-Robot_WaferGetError(UpperArm-Stage1-Slot23)
EFEM-Robot_WaferGetError(UpperArm-Stage1-Slot24),40204,,1,EFEM-Robot_WaferGetError(UpperArm-Stage1-Slot24)
EFEM-Robot_WaferGetError(UpperArm-Stage1-Slot25),40205,,1,EFEM-Robot_WaferGetError(UpperArm-Stage1-Slot25)
EFEM-Robot_WaferPutError(LowerArm-P1-Slot1),40206,,1,EFEM-Robot_WaferPutError(LowerArm-P1-Slot1)
EFEM-Robot_WaferPutError(LowerArm-P1-Slot2),40207,,1,EFEM-Robot_WaferPutError(LowerArm-P1-Slot2)
EFEM-Robot_WaferPutError(LowerArm-P1-Slot3),40208,,1,EFEM-Robot_WaferPutError(LowerArm-P1-Slot3)
EFEM-Robot_WaferPutError(LowerArm-P1-Slot4),40209,,1,EFEM-Robot_WaferPutError(LowerArm-P1-Slot4)
EFEM-Robot_WaferPutError(LowerArm-P1-Slot5),40210,,1,EFEM-Robot_WaferPutError(LowerArm-P1-Slot5)
EFEM-Robot_WaferPutError(LowerArm-P1-Slot6),40211,,1,EFEM-Robot_WaferPutError(LowerArm-P1-Slot6)
EFEM-Robot_WaferPutError(LowerArm-P1-Slot7),40212,,1,EFEM-Robot_WaferPutError(LowerArm-P1-Slot7)
EFEM-Robot_WaferPutError(LowerArm-P1-Slot8),40213,,1,EFEM-Robot_WaferPutError(LowerArm-P1-Slot8)
EFEM-Robot_WaferPutError(LowerArm-P1-Slot9),40214,,1,EFEM-Robot_WaferPutError(LowerArm-P1-Slot9)
EFEM-Robot_WaferPutError(LowerArm-P1-Slot10),40215,,1,EFEM-Robot_WaferPutError(LowerArm-P1-Slot10)
EFEM-Robot_WaferPutError(LowerArm-P1-Slot11),40216,,1,EFEM-Robot_WaferPutError(LowerArm-P1-Slot11)
EFEM-Robot_WaferPutError(LowerArm-P1-Slot12),40217,,1,EFEM-Robot_WaferPutError(LowerArm-P1-Slot12)
EFEM-Robot_WaferPutError(LowerArm-P1-Slot13),40218,,1,EFEM-Robot_WaferPutError(LowerArm-P1-Slot13)
EFEM-Robot_WaferPutError(LowerArm-P1-Slot14),40219,,1,EFEM-Robot_WaferPutError(LowerArm-P1-Slot14)
EFEM-Robot_WaferPutError(LowerArm-P1-Slot15),40220,,1,EFEM-Robot_WaferPutError(LowerArm-P1-Slot15)
EFEM-Robot_WaferPutError(LowerArm-P1-Slot16),40221,,1,EFEM-Robot_WaferPutError(LowerArm-P1-Slot16)
EFEM-Robot_WaferPutError(LowerArm-P1-Slot17),40222,,1,EFEM-Robot_WaferPutError(LowerArm-P1-Slot17)
EFEM-Robot_WaferPutError(LowerArm-P1-Slot18),40223,,1,EFEM-Robot_WaferPutError(LowerArm-P1-Slot18)
EFEM-Robot_WaferPutError(LowerArm-P1-Slot19),40224,,1,EFEM-Robot_WaferPutError(LowerArm-P1-Slot19)
EFEM-Robot_WaferPutError(LowerArm-P1-Slot20),40225,,1,EFEM-Robot_WaferPutError(LowerArm-P1-Slot20)
EFEM-Robot_WaferPutError(LowerArm-P1-Slot21),40226,,1,EFEM-Robot_WaferPutError(LowerArm-P1-Slot21)
EFEM-Robot_WaferPutError(LowerArm-P1-Slot22),40227,,1,EFEM-Robot_WaferPutError(LowerArm-P1-Slot22)
EFEM-Robot_WaferPutError(LowerArm-P1-Slot23),40228,,1,EFEM-Robot_WaferPutError(LowerArm-P1-Slot23)
EFEM-Robot_WaferPutError(LowerArm-P1-Slot24),40229,,1,EFEM-Robot_WaferPutError(LowerArm-P1-Slot24)
EFEM-Robot_WaferPutError(LowerArm-P1-Slot25),40230,,1,EFEM-Robot_WaferPutError(LowerArm-P1-Slot25)
EFEM-Robot_WaferPutError(UpperArm-P1-Slot1),40231,,1,EFEM-Robot_WaferPutError(UpperArm-P1-Slot1)
EFEM-Robot_WaferPutError(UpperArm-P1-Slot2),40232,,1,EFEM-Robot_WaferPutError(UpperArm-P1-Slot2)
EFEM-Robot_WaferPutError(UpperArm-P1-Slot3),40233,,1,EFEM-Robot_WaferPutError(UpperArm-P1-Slot3)
EFEM-Robot_WaferPutError(UpperArm-P1-Slot4),40234,,1,EFEM-Robot_WaferPutError(UpperArm-P1-Slot4)
EFEM-Robot_WaferPutError(UpperArm-P1-Slot5),40235,,1,EFEM-Robot_WaferPutError(UpperArm-P1-Slot5)
EFEM-Robot_WaferPutError(UpperArm-P1-Slot6),40236,,1,EFEM-Robot_WaferPutError(UpperArm-P1-Slot6)
EFEM-Robot_WaferPutError(UpperArm-P1-Slot7),40237,,1,EFEM-Robot_WaferPutError(UpperArm-P1-Slot7)
EFEM-Robot_WaferPutError(UpperArm-P1-Slot8),40238,,1,EFEM-Robot_WaferPutError(UpperArm-P1-Slot8)
EFEM-Robot_WaferPutError(UpperArm-P1-Slot9),40239,,1,EFEM-Robot_WaferPutError(UpperArm-P1-Slot9)
EFEM-Robot_WaferPutError(UpperArm-P1-Slot10),40240,,1,EFEM-Robot_WaferPutError(UpperArm-P1-Slot10)
EFEM-Robot_WaferPutError(UpperArm-P1-Slot11),40241,,1,EFEM-Robot_WaferPutError(UpperArm-P1-Slot11)
EFEM-Robot_WaferPutError(UpperArm-P1-Slot12),40242,,1,EFEM-Robot_WaferPutError(UpperArm-P1-Slot12)
EFEM-Robot_WaferPutError(UpperArm-P1-Slot13),40243,,1,EFEM-Robot_WaferPutError(UpperArm-P1-Slot13)
EFEM-Robot_WaferPutError(UpperArm-P1-Slot14),40244,,1,EFEM-Robot_WaferPutError(UpperArm-P1-Slot14)
EFEM-Robot_WaferPutError(UpperArm-P1-Slot15),40245,,1,EFEM-Robot_WaferPutError(UpperArm-P1-Slot15)
EFEM-Robot_WaferPutError(UpperArm-P1-Slot16),40246,,1,EFEM-Robot_WaferPutError(UpperArm-P1-Slot16)
EFEM-Robot_WaferPutError(UpperArm-P1-Slot17),40247,,1,EFEM-Robot_WaferPutError(UpperArm-P1-Slot17)
EFEM-Robot_WaferPutError(UpperArm-P1-Slot18),40248,,1,EFEM-Robot_WaferPutError(UpperArm-P1-Slot18)
EFEM-Robot_WaferPutError(UpperArm-P1-Slot19),40249,,1,EFEM-Robot_WaferPutError(UpperArm-P1-Slot19)
EFEM-Robot_WaferPutError(UpperArm-P1-Slot20),40250,,1,EFEM-Robot_WaferPutError(UpperArm-P1-Slot20)
EFEM-Robot_WaferPutError(UpperArm-P1-Slot21),40251,,1,EFEM-Robot_WaferPutError(UpperArm-P1-Slot21)
EFEM-Robot_WaferPutError(UpperArm-P1-Slot22),40252,,1,EFEM-Robot_WaferPutError(UpperArm-P1-Slot22)
EFEM-Robot_WaferPutError(UpperArm-P1-Slot23),40253,,1,EFEM-Robot_WaferPutError(UpperArm-P1-Slot23)
EFEM-Robot_WaferPutError(UpperArm-P1-Slot24),40254,,1,EFEM-Robot_WaferPutError(UpperArm-P1-Slot24)
EFEM-Robot_WaferPutError(UpperArm-P1-Slot25),40255,,1,EFEM-Robot_WaferPutError(UpperArm-P1-Slot25)
EFEM-Robot_WaferPutError(LowerArm-P2-Slot1),40256,,1,EFEM-Robot_WaferPutError(LowerArm-P2-Slot1)
EFEM-Robot_WaferPutError(LowerArm-P2-Slot2),40257,,1,EFEM-Robot_WaferPutError(LowerArm-P2-Slot2)
EFEM-Robot_WaferPutError(LowerArm-P2-Slot3),40258,,1,EFEM-Robot_WaferPutError(LowerArm-P2-Slot3)
EFEM-Robot_WaferPutError(LowerArm-P2-Slot4),40259,,1,EFEM-Robot_WaferPutError(LowerArm-P2-Slot4)
EFEM-Robot_WaferPutError(LowerArm-P2-Slot5),40260,,1,EFEM-Robot_WaferPutError(LowerArm-P2-Slot5)
EFEM-Robot_WaferPutError(LowerArm-P2-Slot6),40261,,1,EFEM-Robot_WaferPutError(LowerArm-P2-Slot6)
EFEM-Robot_WaferPutError(LowerArm-P2-Slot7),40262,,1,EFEM-Robot_WaferPutError(LowerArm-P2-Slot7)
EFEM-Robot_WaferPutError(LowerArm-P2-Slot8),40263,,1,EFEM-Robot_WaferPutError(LowerArm-P2-Slot8)
EFEM-Robot_WaferPutError(LowerArm-P2-Slot9),40264,,1,EFEM-Robot_WaferPutError(LowerArm-P2-Slot9)
EFEM-Robot_WaferPutError(LowerArm-P2-Slot10),40265,,1,EFEM-Robot_WaferPutError(LowerArm-P2-Slot10)
EFEM-Robot_WaferPutError(LowerArm-P2-Slot11),40266,,1,EFEM-Robot_WaferPutError(LowerArm-P2-Slot11)
EFEM-Robot_WaferPutError(LowerArm-P2-Slot12),40267,,1,EFEM-Robot_WaferPutError(LowerArm-P2-Slot12)
EFEM-Robot_WaferPutError(LowerArm-P2-Slot13),40268,,1,EFEM-Robot_WaferPutError(LowerArm-P2-Slot13)
EFEM-Robot_WaferPutError(LowerArm-P2-Slot14),40269,,1,EFEM-Robot_WaferPutError(LowerArm-P2-Slot14)
EFEM-Robot_WaferPutError(LowerArm-P2-Slot15),40270,,1,EFEM-Robot_WaferPutError(LowerArm-P2-Slot15)
EFEM-Robot_WaferPutError(LowerArm-P2-Slot16),40271,,1,EFEM-Robot_WaferPutError(LowerArm-P2-Slot16)
EFEM-Robot_WaferPutError(LowerArm-P2-Slot17),40272,,1,EFEM-Robot_WaferPutError(LowerArm-P2-Slot17)
EFEM-Robot_WaferPutError(LowerArm-P2-Slot18),40273,,1,EFEM-Robot_WaferPutError(LowerArm-P2-Slot18)
EFEM-Robot_WaferPutError(LowerArm-P2-Slot19),40274,,1,EFEM-Robot_WaferPutError(LowerArm-P2-Slot19)
EFEM-Robot_WaferPutError(LowerArm-P2-Slot20),40275,,1,EFEM-Robot_WaferPutError(LowerArm-P2-Slot20)
EFEM-Robot_WaferPutError(LowerArm-P2-Slot21),40276,,1,EFEM-Robot_WaferPutError(LowerArm-P2-Slot21)
EFEM-Robot_WaferPutError(LowerArm-P2-Slot22),40277,,1,EFEM-Robot_WaferPutError(LowerArm-P2-Slot22)
EFEM-Robot_WaferPutError(LowerArm-P2-Slot23),40278,,1,EFEM-Robot_WaferPutError(LowerArm-P2-Slot23)
EFEM-Robot_WaferPutError(LowerArm-P2-Slot24),40279,,1,EFEM-Robot_WaferPutError(LowerArm-P2-Slot24)
EFEM-Robot_WaferPutError(LowerArm-P2-Slot25),40280,,1,EFEM-Robot_WaferPutError(LowerArm-P2-Slot25)
EFEM-Robot_WaferPutError(UpperArm-P2-Slot1),40281,,1,EFEM-Robot_WaferPutError(UpperArm-P2-Slot1)
EFEM-Robot_WaferPutError(UpperArm-P2-Slot2),40282,,1,EFEM-Robot_WaferPutError(UpperArm-P2-Slot2)
EFEM-Robot_WaferPutError(UpperArm-P2-Slot3),40283,,1,EFEM-Robot_WaferPutError(UpperArm-P2-Slot3)
EFEM-Robot_WaferPutError(UpperArm-P2-Slot4),40284,,1,EFEM-Robot_WaferPutError(UpperArm-P2-Slot4)
EFEM-Robot_WaferPutError(UpperArm-P2-Slot5),40285,,1,EFEM-Robot_WaferPutError(UpperArm-P2-Slot5)
EFEM-Robot_WaferPutError(UpperArm-P2-Slot6),40286,,1,EFEM-Robot_WaferPutError(UpperArm-P2-Slot6)
EFEM-Robot_WaferPutError(UpperArm-P2-Slot7),40287,,1,EFEM-Robot_WaferPutError(UpperArm-P2-Slot7)
EFEM-Robot_WaferPutError(UpperArm-P2-Slot8),40288,,1,EFEM-Robot_WaferPutError(UpperArm-P2-Slot8)
EFEM-Robot_WaferPutError(UpperArm-P2-Slot9),40289,,1,EFEM-Robot_WaferPutError(UpperArm-P2-Slot9)
EFEM-Robot_WaferPutError(UpperArm-P2-Slot10),40290,,1,EFEM-Robot_WaferPutError(UpperArm-P2-Slot10)
EFEM-Robot_WaferPutError(UpperArm-P2-Slot11),40291,,1,EFEM-Robot_WaferPutError(UpperArm-P2-Slot11)
EFEM-Robot_WaferPutError(UpperArm-P2-Slot12),40292,,1,EFEM-Robot_WaferPutError(UpperArm-P2-Slot12)
EFEM-Robot_WaferPutError(UpperArm-P2-Slot13),40293,,1,EFEM-Robot_WaferPutError(UpperArm-P2-Slot13)
EFEM-Robot_WaferPutError(UpperArm-P2-Slot14),40294,,1,EFEM-Robot_WaferPutError(UpperArm-P2-Slot14)
EFEM-Robot_WaferPutError(UpperArm-P2-Slot15),40295,,1,EFEM-Robot_WaferPutError(UpperArm-P2-Slot15)
EFEM-Robot_WaferPutError(UpperArm-P2-Slot16),40296,,1,EFEM-Robot_WaferPutError(UpperArm-P2-Slot16)
EFEM-Robot_WaferPutError(UpperArm-P2-Slot17),40297,,1,EFEM-Robot_WaferPutError(UpperArm-P2-Slot17)
EFEM-Robot_WaferPutError(UpperArm-P2-Slot18),40298,,1,EFEM-Robot_WaferPutError(UpperArm-P2-Slot18)
EFEM-Robot_WaferPutError(UpperArm-P2-Slot19),40299,,1,EFEM-Robot_WaferPutError(UpperArm-P2-Slot19)
EFEM-Robot_WaferPutError(UpperArm-P2-Slot20),40300,,1,EFEM-Robot_WaferPutError(UpperArm-P2-Slot20)
EFEM-Robot_WaferPutError(UpperArm-P2-Slot21),40301,,1,EFEM-Robot_WaferPutError(UpperArm-P2-Slot21)
EFEM-Robot_WaferPutError(UpperArm-P2-Slot22),40302,,1,EFEM-Robot_WaferPutError(UpperArm-P2-Slot22)
EFEM-Robot_WaferPutError(UpperArm-P2-Slot23),40303,,1,EFEM-Robot_WaferPutError(UpperArm-P2-Slot23)
EFEM-Robot_WaferPutError(UpperArm-P2-Slot24),40304,,1,EFEM-Robot_WaferPutError(UpperArm-P2-Slot24)
EFEM-Robot_WaferPutError(UpperArm-P2-Slot25),40305,,1,EFEM-Robot_WaferPutError(UpperArm-P2-Slot25)
EFEM-Robot_WaferPutError(LowerArm-Aligner1-Slot1),40306,,1,EFEM-Robot_WaferPutError(LowerArm-Aligner1-Slot1)
EFEM-Robot_WaferPutError(LowerArm-Aligner1-Slot2),40307,,1,EFEM-Robot_WaferPutError(LowerArm-Aligner1-Slot2)
EFEM-Robot_WaferPutError(LowerArm-Aligner1-Slot3),40308,,1,EFEM-Robot_WaferPutError(LowerArm-Aligner1-Slot3)
EFEM-Robot_WaferPutError(LowerArm-Aligner1-Slot4),40309,,1,EFEM-Robot_WaferPutError(LowerArm-Aligner1-Slot4)
EFEM-Robot_WaferPutError(LowerArm-Aligner1-Slot5),40310,,1,EFEM-Robot_WaferPutError(LowerArm-Aligner1-Slot5)
EFEM-Robot_WaferPutError(LowerArm-Aligner1-Slot6),40311,,1,EFEM-Robot_WaferPutError(LowerArm-Aligner1-Slot6)
EFEM-Robot_WaferPutError(LowerArm-Aligner1-Slot7),40312,,1,EFEM-Robot_WaferPutError(LowerArm-Aligner1-Slot7)
EFEM-Robot_WaferPutError(LowerArm-Aligner1-Slot8),40313,,1,EFEM-Robot_WaferPutError(LowerArm-Aligner1-Slot8)
EFEM-Robot_WaferPutError(LowerArm-Aligner1-Slot9),40314,,1,EFEM-Robot_WaferPutError(LowerArm-Aligner1-Slot9)
EFEM-Robot_WaferPutError(LowerArm-Aligner1-Slot10),40315,,1,EFEM-Robot_WaferPutError(LowerArm-Aligner1-Slot10)
EFEM-Robot_WaferPutError(LowerArm-Aligner1-Slot11),40316,,1,EFEM-Robot_WaferPutError(LowerArm-Aligner1-Slot11)
EFEM-Robot_WaferPutError(LowerArm-Aligner1-Slot12),40317,,1,EFEM-Robot_WaferPutError(LowerArm-Aligner1-Slot12)
EFEM-Robot_WaferPutError(LowerArm-Aligner1-Slot13),40318,,1,EFEM-Robot_WaferPutError(LowerArm-Aligner1-Slot13)
EFEM-Robot_WaferPutError(LowerArm-Aligner1-Slot14),40319,,1,EFEM-Robot_WaferPutError(LowerArm-Aligner1-Slot14)
EFEM-Robot_WaferPutError(LowerArm-Aligner1-Slot15),40320,,1,EFEM-Robot_WaferPutError(LowerArm-Aligner1-Slot15)
EFEM-Robot_WaferPutError(LowerArm-Aligner1-Slot16),40321,,1,EFEM-Robot_WaferPutError(LowerArm-Aligner1-Slot16)
EFEM-Robot_WaferPutError(LowerArm-Aligner1-Slot17),40322,,1,EFEM-Robot_WaferPutError(LowerArm-Aligner1-Slot17)
EFEM-Robot_WaferPutError(LowerArm-Aligner1-Slot18),40323,,1,EFEM-Robot_WaferPutError(LowerArm-Aligner1-Slot18)
EFEM-Robot_WaferPutError(LowerArm-Aligner1-Slot19),40324,,1,EFEM-Robot_WaferPutError(LowerArm-Aligner1-Slot19)
EFEM-Robot_WaferPutError(LowerArm-Aligner1-Slot20),40325,,1,EFEM-Robot_WaferPutError(LowerArm-Aligner1-Slot20)
EFEM-Robot_WaferPutError(LowerArm-Aligner1-Slot21),40326,,1,EFEM-Robot_WaferPutError(LowerArm-Aligner1-Slot21)
EFEM-Robot_WaferPutError(LowerArm-Aligner1-Slot22),40327,,1,EFEM-Robot_WaferPutError(LowerArm-Aligner1-Slot22)
EFEM-Robot_WaferPutError(LowerArm-Aligner1-Slot23),40328,,1,EFEM-Robot_WaferPutError(LowerArm-Aligner1-Slot23)
EFEM-Robot_WaferPutError(LowerArm-Aligner1-Slot24),40329,,1,EFEM-Robot_WaferPutError(LowerArm-Aligner1-Slot24)
EFEM-Robot_WaferPutError(LowerArm-Aligner1-Slot25),40330,,1,EFEM-Robot_WaferPutError(LowerArm-Aligner1-Slot25)
EFEM-Robot_WaferPutError(UpperArm-Aligner1-Slot1),40331,,1,EFEM-Robot_WaferPutError(UpperArm-Aligner1-Slot1)
EFEM-Robot_WaferPutError(UpperArm-Aligner1-Slot2),40332,,1,EFEM-Robot_WaferPutError(UpperArm-Aligner1-Slot2)
EFEM-Robot_WaferPutError(UpperArm-Aligner1-Slot3),40333,,1,EFEM-Robot_WaferPutError(UpperArm-Aligner1-Slot3)
EFEM-Robot_WaferPutError(UpperArm-Aligner1-Slot4),40334,,1,EFEM-Robot_WaferPutError(UpperArm-Aligner1-Slot4)
EFEM-Robot_WaferPutError(UpperArm-Aligner1-Slot5),40335,,1,EFEM-Robot_WaferPutError(UpperArm-Aligner1-Slot5)
EFEM-Robot_WaferPutError(UpperArm-Aligner1-Slot6),40336,,1,EFEM-Robot_WaferPutError(UpperArm-Aligner1-Slot6)
EFEM-Robot_WaferPutError(UpperArm-Aligner1-Slot7),40337,,1,EFEM-Robot_WaferPutError(UpperArm-Aligner1-Slot7)
EFEM-Robot_WaferPutError(UpperArm-Aligner1-Slot8),40338,,1,EFEM-Robot_WaferPutError(UpperArm-Aligner1-Slot8)
EFEM-Robot_WaferPutError(UpperArm-Aligner1-Slot9),40339,,1,EFEM-Robot_WaferPutError(UpperArm-Aligner1-Slot9)
EFEM-Robot_WaferPutError(UpperArm-Aligner1-Slot10),40340,,1,EFEM-Robot_WaferPutError(UpperArm-Aligner1-Slot10)
EFEM-Robot_WaferPutError(UpperArm-Aligner1-Slot11),40341,,1,EFEM-Robot_WaferPutError(UpperArm-Aligner1-Slot11)
EFEM-Robot_WaferPutError(UpperArm-Aligner1-Slot12),40342,,1,EFEM-Robot_WaferPutError(UpperArm-Aligner1-Slot12)
EFEM-Robot_WaferPutError(UpperArm-Aligner1-Slot13),40343,,1,EFEM-Robot_WaferPutError(UpperArm-Aligner1-Slot13)
EFEM-Robot_WaferPutError(UpperArm-Aligner1-Slot14),40344,,1,EFEM-Robot_WaferPutError(UpperArm-Aligner1-Slot14)
EFEM-Robot_WaferPutError(UpperArm-Aligner1-Slot15),40345,,1,EFEM-Robot_WaferPutError(UpperArm-Aligner1-Slot15)
EFEM-Robot_WaferPutError(UpperArm-Aligner1-Slot16),40346,,1,EFEM-Robot_WaferPutError(UpperArm-Aligner1-Slot16)
EFEM-Robot_WaferPutError(UpperArm-Aligner1-Slot17),40347,,1,EFEM-Robot_WaferPutError(UpperArm-Aligner1-Slot17)
EFEM-Robot_WaferPutError(UpperArm-Aligner1-Slot18),40348,,1,EFEM-Robot_WaferPutError(UpperArm-Aligner1-Slot18)
EFEM-Robot_WaferPutError(UpperArm-Aligner1-Slot19),40349,,1,EFEM-Robot_WaferPutError(UpperArm-Aligner1-Slot19)
EFEM-Robot_WaferPutError(UpperArm-Aligner1-Slot20),40350,,1,EFEM-Robot_WaferPutError(UpperArm-Aligner1-Slot20)
EFEM-Robot_WaferPutError(UpperArm-Aligner1-Slot21),40351,,1,EFEM-Robot_WaferPutError(UpperArm-Aligner1-Slot21)
EFEM-Robot_WaferPutError(UpperArm-Aligner1-Slot22),40352,,1,EFEM-Robot_WaferPutError(UpperArm-Aligner1-Slot22)
EFEM-Robot_WaferPutError(UpperArm-Aligner1-Slot23),40353,,1,EFEM-Robot_WaferPutError(UpperArm-Aligner1-Slot23)
EFEM-Robot_WaferPutError(UpperArm-Aligner1-Slot24),40354,,1,EFEM-Robot_WaferPutError(UpperArm-Aligner1-Slot24)
EFEM-Robot_WaferPutError(UpperArm-Aligner1-Slot25),40355,,1,EFEM-Robot_WaferPutError(UpperArm-Aligner1-Slot25)
EFEM-Robot_WaferPutError(LowerArm-Stage1-Slot1),40356,,1,EFEM-Robot_WaferPutError(LowerArm-Stage1-Slot1)
EFEM-Robot_WaferPutError(LowerArm-Stage1-Slot2),40357,,1,EFEM-Robot_WaferPutError(LowerArm-Stage1-Slot2)
EFEM-Robot_WaferPutError(LowerArm-Stage1-Slot3),40358,,1,EFEM-Robot_WaferPutError(LowerArm-Stage1-Slot3)
EFEM-Robot_WaferPutError(LowerArm-Stage1-Slot4),40359,,1,EFEM-Robot_WaferPutError(LowerArm-Stage1-Slot4)
EFEM-Robot_WaferPutError(LowerArm-Stage1-Slot5),40360,,1,EFEM-Robot_WaferPutError(LowerArm-Stage1-Slot5)
EFEM-Robot_WaferPutError(LowerArm-Stage1-Slot6),40361,,1,EFEM-Robot_WaferPutError(LowerArm-Stage1-Slot6)
EFEM-Robot_WaferPutError(LowerArm-Stage1-Slot7),40362,,1,EFEM-Robot_WaferPutError(LowerArm-Stage1-Slot7)
EFEM-Robot_WaferPutError(LowerArm-Stage1-Slot8),40363,,1,EFEM-Robot_WaferPutError(LowerArm-Stage1-Slot8)
EFEM-Robot_WaferPutError(LowerArm-Stage1-Slot9),40364,,1,EFEM-Robot_WaferPutError(LowerArm-Stage1-Slot9)
EFEM-Robot_WaferPutError(LowerArm-Stage1-Slot10),40365,,1,EFEM-Robot_WaferPutError(LowerArm-Stage1-Slot10)
EFEM-Robot_WaferPutError(LowerArm-Stage1-Slot11),40366,,1,EFEM-Robot_WaferPutError(LowerArm-Stage1-Slot11)
EFEM-Robot_WaferPutError(LowerArm-Stage1-Slot12),40367,,1,EFEM-Robot_WaferPutError(LowerArm-Stage1-Slot12)
EFEM-Robot_WaferPutError(LowerArm-Stage1-Slot13),40368,,1,EFEM-Robot_WaferPutError(LowerArm-Stage1-Slot13)
EFEM-Robot_WaferPutError(LowerArm-Stage1-Slot14),40369,,1,EFEM-Robot_WaferPutError(LowerArm-Stage1-Slot14)
EFEM-Robot_WaferPutError(LowerArm-Stage1-Slot15),40370,,1,EFEM-Robot_WaferPutError(LowerArm-Stage1-Slot15)
EFEM-Robot_WaferPutError(LowerArm-Stage1-Slot16),40371,,1,EFEM-Robot_WaferPutError(LowerArm-Stage1-Slot16)
EFEM-Robot_WaferPutError(LowerArm-Stage1-Slot17),40372,,1,EFEM-Robot_WaferPutError(LowerArm-Stage1-Slot17)
EFEM-Robot_WaferPutError(LowerArm-Stage1-Slot18),40373,,1,EFEM-Robot_WaferPutError(LowerArm-Stage1-Slot18)
EFEM-Robot_WaferPutError(LowerArm-Stage1-Slot19),40374,,1,EFEM-Robot_WaferPutError(LowerArm-Stage1-Slot19)
EFEM-Robot_WaferPutError(LowerArm-Stage1-Slot20),40375,,1,EFEM-Robot_WaferPutError(LowerArm-Stage1-Slot20)
EFEM-Robot_WaferPutError(LowerArm-Stage1-Slot21),40376,,1,EFEM-Robot_WaferPutError(LowerArm-Stage1-Slot21)
EFEM-Robot_WaferPutError(LowerArm-Stage1-Slot22),40377,,1,EFEM-Robot_WaferPutError(LowerArm-Stage1-Slot22)
EFEM-Robot_WaferPutError(LowerArm-Stage1-Slot23),40378,,1,EFEM-Robot_WaferPutError(LowerArm-Stage1-Slot23)
EFEM-Robot_WaferPutError(LowerArm-Stage1-Slot24),40379,,1,EFEM-Robot_WaferPutError(LowerArm-Stage1-Slot24)
EFEM-Robot_WaferPutError(LowerArm-Stage1-Slot25),40380,,1,EFEM-Robot_WaferPutError(LowerArm-Stage1-Slot25)
EFEM-Robot_WaferPutError(UpperArm-Stage1-Slot1),40381,,1,EFEM-Robot_WaferPutError(UpperArm-Stage1-Slot1)
EFEM-Robot_WaferPutError(UpperArm-Stage1-Slot2),40382,,1,EFEM-Robot_WaferPutError(UpperArm-Stage1-Slot2)
EFEM-Robot_WaferPutError(UpperArm-Stage1-Slot3),40383,,1,EFEM-Robot_WaferPutError(UpperArm-Stage1-Slot3)
EFEM-Robot_WaferPutError(UpperArm-Stage1-Slot4),40384,,1,EFEM-Robot_WaferPutError(UpperArm-Stage1-Slot4)
EFEM-Robot_WaferPutError(UpperArm-Stage1-Slot5),40385,,1,EFEM-Robot_WaferPutError(UpperArm-Stage1-Slot5)
EFEM-Robot_WaferPutError(UpperArm-Stage1-Slot6),40386,,1,EFEM-Robot_WaferPutError(UpperArm-Stage1-Slot6)
EFEM-Robot_WaferPutError(UpperArm-Stage1-Slot7),40387,,1,EFEM-Robot_WaferPutError(UpperArm-Stage1-Slot7)
EFEM-Robot_WaferPutError(UpperArm-Stage1-Slot8),40388,,1,EFEM-Robot_WaferPutError(UpperArm-Stage1-Slot8)
EFEM-Robot_WaferPutError(UpperArm-Stage1-Slot9),40389,,1,EFEM-Robot_WaferPutError(UpperArm-Stage1-Slot9)
EFEM-Robot_WaferPutError(UpperArm-Stage1-Slot10),40390,,1,EFEM-Robot_WaferPutError(UpperArm-Stage1-Slot10)
EFEM-Robot_WaferPutError(UpperArm-Stage1-Slot11),40391,,1,EFEM-Robot_WaferPutError(UpperArm-Stage1-Slot11)
EFEM-Robot_WaferPutError(UpperArm-Stage1-Slot12),40392,,1,EFEM-Robot_WaferPutError(UpperArm-Stage1-Slot12)
EFEM-Robot_WaferPutError(UpperArm-Stage1-Slot13),40393,,1,EFEM-Robot_WaferPutError(UpperArm-Stage1-Slot13)
EFEM-Robot_WaferPutError(UpperArm-Stage1-Slot14),40394,,1,EFEM-Robot_WaferPutError(UpperArm-Stage1-Slot14)
EFEM-Robot_WaferPutError(UpperArm-Stage1-Slot15),40395,,1,EFEM-Robot_WaferPutError(UpperArm-Stage1-Slot15)
EFEM-Robot_WaferPutError(UpperArm-Stage1-Slot16),40396,,1,EFEM-Robot_WaferPutError(UpperArm-Stage1-Slot16)
EFEM-Robot_WaferPutError(UpperArm-Stage1-Slot17),40397,,1,EFEM-Robot_WaferPutError(UpperArm-Stage1-Slot17)
EFEM-Robot_WaferPutError(UpperArm-Stage1-Slot18),40398,,1,EFEM-Robot_WaferPutError(UpperArm-Stage1-Slot18)
EFEM-Robot_WaferPutError(UpperArm-Stage1-Slot19),40399,,1,EFEM-Robot_WaferPutError(UpperArm-Stage1-Slot19)
EFEM-Robot_WaferPutError(UpperArm-Stage1-Slot20),40400,,1,EFEM-Robot_WaferPutError(UpperArm-Stage1-Slot20)
EFEM-Robot_WaferPutError(UpperArm-Stage1-Slot21),40401,,1,EFEM-Robot_WaferPutError(UpperArm-Stage1-Slot21)
EFEM-Robot_WaferPutError(UpperArm-Stage1-Slot22),40402,,1,EFEM-Robot_WaferPutError(UpperArm-Stage1-Slot22)
EFEM-Robot_WaferPutError(UpperArm-Stage1-Slot23),40403,,1,EFEM-Robot_WaferPutError(UpperArm-Stage1-Slot23)
EFEM-Robot_WaferPutError(UpperArm-Stage1-Slot24),40404,,1,EFEM-Robot_WaferPutError(UpperArm-Stage1-Slot24)
EFEM-Robot_WaferPutError(UpperArm-Stage1-Slot25),40405,,1,EFEM-Robot_WaferPutError(UpperArm-Stage1-Slot25)
EFEM-Robot_GetStandbyError(LowerArm-P1-Slot1),40406,,1,EFEM-Robot_GetStandbyError(LowerArm-P1-Slot1)
EFEM-Robot_GetStandbyError(LowerArm-P1-Slot2),40407,,1,EFEM-Robot_GetStandbyError(LowerArm-P1-Slot2)
EFEM-Robot_GetStandbyError(LowerArm-P1-Slot3),40408,,1,EFEM-Robot_GetStandbyError(LowerArm-P1-Slot3)
EFEM-Robot_GetStandbyError(LowerArm-P1-Slot4),40409,,1,EFEM-Robot_GetStandbyError(LowerArm-P1-Slot4)
EFEM-Robot_GetStandbyError(LowerArm-P1-Slot5),40410,,1,EFEM-Robot_GetStandbyError(LowerArm-P1-Slot5)
EFEM-Robot_GetStandbyError(LowerArm-P1-Slot6),40411,,1,EFEM-Robot_GetStandbyError(LowerArm-P1-Slot6)
EFEM-Robot_GetStandbyError(LowerArm-P1-Slot7),40412,,1,EFEM-Robot_GetStandbyError(LowerArm-P1-Slot7)
EFEM-Robot_GetStandbyError(LowerArm-P1-Slot8),40413,,1,EFEM-Robot_GetStandbyError(LowerArm-P1-Slot8)
EFEM-Robot_GetStandbyError(LowerArm-P1-Slot9),40414,,1,EFEM-Robot_GetStandbyError(LowerArm-P1-Slot9)
EFEM-Robot_GetStandbyError(LowerArm-P1-Slot10),40415,,1,EFEM-Robot_GetStandbyError(LowerArm-P1-Slot10)
EFEM-Robot_GetStandbyError(LowerArm-P1-Slot11),40416,,1,EFEM-Robot_GetStandbyError(LowerArm-P1-Slot11)
EFEM-Robot_GetStandbyError(LowerArm-P1-Slot12),40417,,1,EFEM-Robot_GetStandbyError(LowerArm-P1-Slot12)
EFEM-Robot_GetStandbyError(LowerArm-P1-Slot13),40418,,1,EFEM-Robot_GetStandbyError(LowerArm-P1-Slot13)
EFEM-Robot_GetStandbyError(LowerArm-P1-Slot14),40419,,1,EFEM-Robot_GetStandbyError(LowerArm-P1-Slot14)
EFEM-Robot_GetStandbyError(LowerArm-P1-Slot15),40420,,1,EFEM-Robot_GetStandbyError(LowerArm-P1-Slot15)
EFEM-Robot_GetStandbyError(LowerArm-P1-Slot16),40421,,1,EFEM-Robot_GetStandbyError(LowerArm-P1-Slot16)
EFEM-Robot_GetStandbyError(LowerArm-P1-Slot17),40422,,1,EFEM-Robot_GetStandbyError(LowerArm-P1-Slot17)
EFEM-Robot_GetStandbyError(LowerArm-P1-Slot18),40423,,1,EFEM-Robot_GetStandbyError(LowerArm-P1-Slot18)
EFEM-Robot_GetStandbyError(LowerArm-P1-Slot19),40424,,1,EFEM-Robot_GetStandbyError(LowerArm-P1-Slot19)
EFEM-Robot_GetStandbyError(LowerArm-P1-Slot20),40425,,1,EFEM-Robot_GetStandbyError(LowerArm-P1-Slot20)
EFEM-Robot_GetStandbyError(LowerArm-P1-Slot21),40426,,1,EFEM-Robot_GetStandbyError(LowerArm-P1-Slot21)
EFEM-Robot_GetStandbyError(LowerArm-P1-Slot22),40427,,1,EFEM-Robot_GetStandbyError(LowerArm-P1-Slot22)
EFEM-Robot_GetStandbyError(LowerArm-P1-Slot23),40428,,1,EFEM-Robot_GetStandbyError(LowerArm-P1-Slot23)
EFEM-Robot_GetStandbyError(LowerArm-P1-Slot24),40429,,1,EFEM-Robot_GetStandbyError(LowerArm-P1-Slot24)
EFEM-Robot_GetStandbyError(LowerArm-P1-Slot25),40430,,1,EFEM-Robot_GetStandbyError(LowerArm-P1-Slot25)
EFEM-Robot_GetStandbyError(UpperArm-P1-Slot1),40431,,1,EFEM-Robot_GetStandbyError(UpperArm-P1-Slot1)
EFEM-Robot_GetStandbyError(UpperArm-P1-Slot2),40432,,1,EFEM-Robot_GetStandbyError(UpperArm-P1-Slot2)
EFEM-Robot_GetStandbyError(UpperArm-P1-Slot3),40433,,1,EFEM-Robot_GetStandbyError(UpperArm-P1-Slot3)
EFEM-Robot_GetStandbyError(UpperArm-P1-Slot4),40434,,1,EFEM-Robot_GetStandbyError(UpperArm-P1-Slot4)
EFEM-Robot_GetStandbyError(UpperArm-P1-Slot5),40435,,1,EFEM-Robot_GetStandbyError(UpperArm-P1-Slot5)
EFEM-Robot_GetStandbyError(UpperArm-P1-Slot6),40436,,1,EFEM-Robot_GetStandbyError(UpperArm-P1-Slot6)
EFEM-Robot_GetStandbyError(UpperArm-P1-Slot7),40437,,1,EFEM-Robot_GetStandbyError(UpperArm-P1-Slot7)
EFEM-Robot_GetStandbyError(UpperArm-P1-Slot8),40438,,1,EFEM-Robot_GetStandbyError(UpperArm-P1-Slot8)
EFEM-Robot_GetStandbyError(UpperArm-P1-Slot9),40439,,1,EFEM-Robot_GetStandbyError(UpperArm-P1-Slot9)
EFEM-Robot_GetStandbyError(UpperArm-P1-Slot10),40440,,1,EFEM-Robot_GetStandbyError(UpperArm-P1-Slot10)
EFEM-Robot_GetStandbyError(UpperArm-P1-Slot11),40441,,1,EFEM-Robot_GetStandbyError(UpperArm-P1-Slot11)
EFEM-Robot_GetStandbyError(UpperArm-P1-Slot12),40442,,1,EFEM-Robot_GetStandbyError(UpperArm-P1-Slot12)
EFEM-Robot_GetStandbyError(UpperArm-P1-Slot13),40443,,1,EFEM-Robot_GetStandbyError(UpperArm-P1-Slot13)
EFEM-Robot_GetStandbyError(UpperArm-P1-Slot14),40444,,1,EFEM-Robot_GetStandbyError(UpperArm-P1-Slot14)
EFEM-Robot_GetStandbyError(UpperArm-P1-Slot15),40445,,1,EFEM-Robot_GetStandbyError(UpperArm-P1-Slot15)
EFEM-Robot_GetStandbyError(UpperArm-P1-Slot16),40446,,1,EFEM-Robot_GetStandbyError(UpperArm-P1-Slot16)
EFEM-Robot_GetStandbyError(UpperArm-P1-Slot17),40447,,1,EFEM-Robot_GetStandbyError(UpperArm-P1-Slot17)
EFEM-Robot_GetStandbyError(UpperArm-P1-Slot18),40448,,1,EFEM-Robot_GetStandbyError(UpperArm-P1-Slot18)
EFEM-Robot_GetStandbyError(UpperArm-P1-Slot19),40449,,1,EFEM-Robot_GetStandbyError(UpperArm-P1-Slot19)
EFEM-Robot_GetStandbyError(UpperArm-P1-Slot20),40450,,1,EFEM-Robot_GetStandbyError(UpperArm-P1-Slot20)
EFEM-Robot_GetStandbyError(UpperArm-P1-Slot21),40451,,1,EFEM-Robot_GetStandbyError(UpperArm-P1-Slot21)
EFEM-Robot_GetStandbyError(UpperArm-P1-Slot22),40452,,1,EFEM-Robot_GetStandbyError(UpperArm-P1-Slot22)
EFEM-Robot_GetStandbyError(UpperArm-P1-Slot23),40453,,1,EFEM-Robot_GetStandbyError(UpperArm-P1-Slot23)
EFEM-Robot_GetStandbyError(UpperArm-P1-Slot24),40454,,1,EFEM-Robot_GetStandbyError(UpperArm-P1-Slot24)
EFEM-Robot_GetStandbyError(UpperArm-P1-Slot25),40455,,1,EFEM-Robot_GetStandbyError(UpperArm-P1-Slot25)
EFEM-Robot_GetStandbyError(LowerArm-P2-Slot1),40456,,1,EFEM-Robot_GetStandbyError(LowerArm-P2-Slot1)
EFEM-Robot_GetStandbyError(LowerArm-P2-Slot2),40457,,1,EFEM-Robot_GetStandbyError(LowerArm-P2-Slot2)
EFEM-Robot_GetStandbyError(LowerArm-P2-Slot3),40458,,1,EFEM-Robot_GetStandbyError(LowerArm-P2-Slot3)
EFEM-Robot_GetStandbyError(LowerArm-P2-Slot4),40459,,1,EFEM-Robot_GetStandbyError(LowerArm-P2-Slot4)
EFEM-Robot_GetStandbyError(LowerArm-P2-Slot5),40460,,1,EFEM-Robot_GetStandbyError(LowerArm-P2-Slot5)
EFEM-Robot_GetStandbyError(LowerArm-P2-Slot6),40461,,1,EFEM-Robot_GetStandbyError(LowerArm-P2-Slot6)
EFEM-Robot_GetStandbyError(LowerArm-P2-Slot7),40462,,1,EFEM-Robot_GetStandbyError(LowerArm-P2-Slot7)
EFEM-Robot_GetStandbyError(LowerArm-P2-Slot8),40463,,1,EFEM-Robot_GetStandbyError(LowerArm-P2-Slot8)
EFEM-Robot_GetStandbyError(LowerArm-P2-Slot9),40464,,1,EFEM-Robot_GetStandbyError(LowerArm-P2-Slot9)
EFEM-Robot_GetStandbyError(LowerArm-P2-Slot10),40465,,1,EFEM-Robot_GetStandbyError(LowerArm-P2-Slot10)
EFEM-Robot_GetStandbyError(LowerArm-P2-Slot11),40466,,1,EFEM-Robot_GetStandbyError(LowerArm-P2-Slot11)
EFEM-Robot_GetStandbyError(LowerArm-P2-Slot12),40467,,1,EFEM-Robot_GetStandbyError(LowerArm-P2-Slot12)
EFEM-Robot_GetStandbyError(LowerArm-P2-Slot13),40468,,1,EFEM-Robot_GetStandbyError(LowerArm-P2-Slot13)
EFEM-Robot_GetStandbyError(LowerArm-P2-Slot14),40469,,1,EFEM-Robot_GetStandbyError(LowerArm-P2-Slot14)
EFEM-Robot_GetStandbyError(LowerArm-P2-Slot15),40470,,1,EFEM-Robot_GetStandbyError(LowerArm-P2-Slot15)
EFEM-Robot_GetStandbyError(LowerArm-P2-Slot16),40471,,1,EFEM-Robot_GetStandbyError(LowerArm-P2-Slot16)
EFEM-Robot_GetStandbyError(LowerArm-P2-Slot17),40472,,1,EFEM-Robot_GetStandbyError(LowerArm-P2-Slot17)
EFEM-Robot_GetStandbyError(LowerArm-P2-Slot18),40473,,1,EFEM-Robot_GetStandbyError(LowerArm-P2-Slot18)
EFEM-Robot_GetStandbyError(LowerArm-P2-Slot19),40474,,1,EFEM-Robot_GetStandbyError(LowerArm-P2-Slot19)
EFEM-Robot_GetStandbyError(LowerArm-P2-Slot20),40475,,1,EFEM-Robot_GetStandbyError(LowerArm-P2-Slot20)
EFEM-Robot_GetStandbyError(LowerArm-P2-Slot21),40476,,1,EFEM-Robot_GetStandbyError(LowerArm-P2-Slot21)
EFEM-Robot_GetStandbyError(LowerArm-P2-Slot22),40477,,1,EFEM-Robot_GetStandbyError(LowerArm-P2-Slot22)
EFEM-Robot_GetStandbyError(LowerArm-P2-Slot23),40478,,1,EFEM-Robot_GetStandbyError(LowerArm-P2-Slot23)
EFEM-Robot_GetStandbyError(LowerArm-P2-Slot24),40479,,1,EFEM-Robot_GetStandbyError(LowerArm-P2-Slot24)
EFEM-Robot_GetStandbyError(LowerArm-P2-Slot25),40480,,1,EFEM-Robot_GetStandbyError(LowerArm-P2-Slot25)
EFEM-Robot_GetStandbyError(UpperArm-P2-Slot1),40481,,1,EFEM-Robot_GetStandbyError(UpperArm-P2-Slot1)
EFEM-Robot_GetStandbyError(UpperArm-P2-Slot2),40482,,1,EFEM-Robot_GetStandbyError(UpperArm-P2-Slot2)
EFEM-Robot_GetStandbyError(UpperArm-P2-Slot3),40483,,1,EFEM-Robot_GetStandbyError(UpperArm-P2-Slot3)
EFEM-Robot_GetStandbyError(UpperArm-P2-Slot4),40484,,1,EFEM-Robot_GetStandbyError(UpperArm-P2-Slot4)
EFEM-Robot_GetStandbyError(UpperArm-P2-Slot5),40485,,1,EFEM-Robot_GetStandbyError(UpperArm-P2-Slot5)
EFEM-Robot_GetStandbyError(UpperArm-P2-Slot6),40486,,1,EFEM-Robot_GetStandbyError(UpperArm-P2-Slot6)
EFEM-Robot_GetStandbyError(UpperArm-P2-Slot7),40487,,1,EFEM-Robot_GetStandbyError(UpperArm-P2-Slot7)
EFEM-Robot_GetStandbyError(UpperArm-P2-Slot8),40488,,1,EFEM-Robot_GetStandbyError(UpperArm-P2-Slot8)
EFEM-Robot_GetStandbyError(UpperArm-P2-Slot9),40489,,1,EFEM-Robot_GetStandbyError(UpperArm-P2-Slot9)
EFEM-Robot_GetStandbyError(UpperArm-P2-Slot10),40490,,1,EFEM-Robot_GetStandbyError(UpperArm-P2-Slot10)
EFEM-Robot_GetStandbyError(UpperArm-P2-Slot11),40491,,1,EFEM-Robot_GetStandbyError(UpperArm-P2-Slot11)
EFEM-Robot_GetStandbyError(UpperArm-P2-Slot12),40492,,1,EFEM-Robot_GetStandbyError(UpperArm-P2-Slot12)
EFEM-Robot_GetStandbyError(UpperArm-P2-Slot13),40493,,1,EFEM-Robot_GetStandbyError(UpperArm-P2-Slot13)
EFEM-Robot_GetStandbyError(UpperArm-P2-Slot14),40494,,1,EFEM-Robot_GetStandbyError(UpperArm-P2-Slot14)
EFEM-Robot_GetStandbyError(UpperArm-P2-Slot15),40495,,1,EFEM-Robot_GetStandbyError(UpperArm-P2-Slot15)
EFEM-Robot_GetStandbyError(UpperArm-P2-Slot16),40496,,1,EFEM-Robot_GetStandbyError(UpperArm-P2-Slot16)
EFEM-Robot_GetStandbyError(UpperArm-P2-Slot17),40497,,1,EFEM-Robot_GetStandbyError(UpperArm-P2-Slot17)
EFEM-Robot_GetStandbyError(UpperArm-P2-Slot18),40498,,1,EFEM-Robot_GetStandbyError(UpperArm-P2-Slot18)
EFEM-Robot_GetStandbyError(UpperArm-P2-Slot19),40499,,1,EFEM-Robot_GetStandbyError(UpperArm-P2-Slot19)
EFEM-Robot_GetStandbyError(UpperArm-P2-Slot20),40500,,1,EFEM-Robot_GetStandbyError(UpperArm-P2-Slot20)
EFEM-Robot_GetStandbyError(UpperArm-P2-Slot21),40501,,1,EFEM-Robot_GetStandbyError(UpperArm-P2-Slot21)
EFEM-Robot_GetStandbyError(UpperArm-P2-Slot22),40502,,1,EFEM-Robot_GetStandbyError(UpperArm-P2-Slot22)
EFEM-Robot_GetStandbyError(UpperArm-P2-Slot23),40503,,1,EFEM-Robot_GetStandbyError(UpperArm-P2-Slot23)
EFEM-Robot_GetStandbyError(UpperArm-P2-Slot24),40504,,1,EFEM-Robot_GetStandbyError(UpperArm-P2-Slot24)
EFEM-Robot_GetStandbyError(UpperArm-P2-Slot25),40505,,1,EFEM-Robot_GetStandbyError(UpperArm-P2-Slot25)
EFEM-Robot_GetStandbyError(LowerArm-Aligner1-Slot1),40506,,1,EFEM-Robot_GetStandbyError(LowerArm-Aligner1-Slot1)
EFEM-Robot_GetStandbyError(LowerArm-Aligner1-Slot2),40507,,1,EFEM-Robot_GetStandbyError(LowerArm-Aligner1-Slot2)
EFEM-Robot_GetStandbyError(LowerArm-Aligner1-Slot3),40508,,1,EFEM-Robot_GetStandbyError(LowerArm-Aligner1-Slot3)
EFEM-Robot_GetStandbyError(LowerArm-Aligner1-Slot4),40509,,1,EFEM-Robot_GetStandbyError(LowerArm-Aligner1-Slot4)
EFEM-Robot_GetStandbyError(LowerArm-Aligner1-Slot5),40510,,1,EFEM-Robot_GetStandbyError(LowerArm-Aligner1-Slot5)
EFEM-Robot_GetStandbyError(LowerArm-Aligner1-Slot6),40511,,1,EFEM-Robot_GetStandbyError(LowerArm-Aligner1-Slot6)
EFEM-Robot_GetStandbyError(LowerArm-Aligner1-Slot7),40512,,1,EFEM-Robot_GetStandbyError(LowerArm-Aligner1-Slot7)
EFEM-Robot_GetStandbyError(LowerArm-Aligner1-Slot8),40513,,1,EFEM-Robot_GetStandbyError(LowerArm-Aligner1-Slot8)
EFEM-Robot_GetStandbyError(LowerArm-Aligner1-Slot9),40514,,1,EFEM-Robot_GetStandbyError(LowerArm-Aligner1-Slot9)
EFEM-Robot_GetStandbyError(LowerArm-Aligner1-Slot10),40515,,1,EFEM-Robot_GetStandbyError(LowerArm-Aligner1-Slot10)
EFEM-Robot_GetStandbyError(LowerArm-Aligner1-Slot11),40516,,1,EFEM-Robot_GetStandbyError(LowerArm-Aligner1-Slot11)
EFEM-Robot_GetStandbyError(LowerArm-Aligner1-Slot12),40517,,1,EFEM-Robot_GetStandbyError(LowerArm-Aligner1-Slot12)
EFEM-Robot_GetStandbyError(LowerArm-Aligner1-Slot13),40518,,1,EFEM-Robot_GetStandbyError(LowerArm-Aligner1-Slot13)
EFEM-Robot_GetStandbyError(LowerArm-Aligner1-Slot14),40519,,1,EFEM-Robot_GetStandbyError(LowerArm-Aligner1-Slot14)
EFEM-Robot_GetStandbyError(LowerArm-Aligner1-Slot15),40520,,1,EFEM-Robot_GetStandbyError(LowerArm-Aligner1-Slot15)
EFEM-Robot_GetStandbyError(LowerArm-Aligner1-Slot16),40521,,1,EFEM-Robot_GetStandbyError(LowerArm-Aligner1-Slot16)
EFEM-Robot_GetStandbyError(LowerArm-Aligner1-Slot17),40522,,1,EFEM-Robot_GetStandbyError(LowerArm-Aligner1-Slot17)
EFEM-Robot_GetStandbyError(LowerArm-Aligner1-Slot18),40523,,1,EFEM-Robot_GetStandbyError(LowerArm-Aligner1-Slot18)
EFEM-Robot_GetStandbyError(LowerArm-Aligner1-Slot19),40524,,1,EFEM-Robot_GetStandbyError(LowerArm-Aligner1-Slot19)
EFEM-Robot_GetStandbyError(LowerArm-Aligner1-Slot20),40525,,1,EFEM-Robot_GetStandbyError(LowerArm-Aligner1-Slot20)
EFEM-Robot_GetStandbyError(LowerArm-Aligner1-Slot21),40526,,1,EFEM-Robot_GetStandbyError(LowerArm-Aligner1-Slot21)
EFEM-Robot_GetStandbyError(LowerArm-Aligner1-Slot22),40527,,1,EFEM-Robot_GetStandbyError(LowerArm-Aligner1-Slot22)
EFEM-Robot_GetStandbyError(LowerArm-Aligner1-Slot23),40528,,1,EFEM-Robot_GetStandbyError(LowerArm-Aligner1-Slot23)
EFEM-Robot_GetStandbyError(LowerArm-Aligner1-Slot24),40529,,1,EFEM-Robot_GetStandbyError(LowerArm-Aligner1-Slot24)
EFEM-Robot_GetStandbyError(LowerArm-Aligner1-Slot25),40530,,1,EFEM-Robot_GetStandbyError(LowerArm-Aligner1-Slot25)
EFEM-Robot_GetStandbyError(UpperArm-Aligner1-Slot1),40531,,1,EFEM-Robot_GetStandbyError(UpperArm-Aligner1-Slot1)
EFEM-Robot_GetStandbyError(UpperArm-Aligner1-Slot2),40532,,1,EFEM-Robot_GetStandbyError(UpperArm-Aligner1-Slot2)
EFEM-Robot_GetStandbyError(UpperArm-Aligner1-Slot3),40533,,1,EFEM-Robot_GetStandbyError(UpperArm-Aligner1-Slot3)
EFEM-Robot_GetStandbyError(UpperArm-Aligner1-Slot4),40534,,1,EFEM-Robot_GetStandbyError(UpperArm-Aligner1-Slot4)
EFEM-Robot_GetStandbyError(UpperArm-Aligner1-Slot5),40535,,1,EFEM-Robot_GetStandbyError(UpperArm-Aligner1-Slot5)
EFEM-Robot_GetStandbyError(UpperArm-Aligner1-Slot6),40536,,1,EFEM-Robot_GetStandbyError(UpperArm-Aligner1-Slot6)
EFEM-Robot_GetStandbyError(UpperArm-Aligner1-Slot7),40537,,1,EFEM-Robot_GetStandbyError(UpperArm-Aligner1-Slot7)
EFEM-Robot_GetStandbyError(UpperArm-Aligner1-Slot8),40538,,1,EFEM-Robot_GetStandbyError(UpperArm-Aligner1-Slot8)
EFEM-Robot_GetStandbyError(UpperArm-Aligner1-Slot9),40539,,1,EFEM-Robot_GetStandbyError(UpperArm-Aligner1-Slot9)
EFEM-Robot_GetStandbyError(UpperArm-Aligner1-Slot10),40540,,1,EFEM-Robot_GetStandbyError(UpperArm-Aligner1-Slot10)
EFEM-Robot_GetStandbyError(UpperArm-Aligner1-Slot11),40541,,1,EFEM-Robot_GetStandbyError(UpperArm-Aligner1-Slot11)
EFEM-Robot_GetStandbyError(UpperArm-Aligner1-Slot12),40542,,1,EFEM-Robot_GetStandbyError(UpperArm-Aligner1-Slot12)
EFEM-Robot_GetStandbyError(UpperArm-Aligner1-Slot13),40543,,1,EFEM-Robot_GetStandbyError(UpperArm-Aligner1-Slot13)
EFEM-Robot_GetStandbyError(UpperArm-Aligner1-Slot14),40544,,1,EFEM-Robot_GetStandbyError(UpperArm-Aligner1-Slot14)
EFEM-Robot_GetStandbyError(UpperArm-Aligner1-Slot15),40545,,1,EFEM-Robot_GetStandbyError(UpperArm-Aligner1-Slot15)
EFEM-Robot_GetStandbyError(UpperArm-Aligner1-Slot16),40546,,1,EFEM-Robot_GetStandbyError(UpperArm-Aligner1-Slot16)
EFEM-Robot_GetStandbyError(UpperArm-Aligner1-Slot17),40547,,1,EFEM-Robot_GetStandbyError(UpperArm-Aligner1-Slot17)
EFEM-Robot_GetStandbyError(UpperArm-Aligner1-Slot18),40548,,1,EFEM-Robot_GetStandbyError(UpperArm-Aligner1-Slot18)
EFEM-Robot_GetStandbyError(UpperArm-Aligner1-Slot19),40549,,1,EFEM-Robot_GetStandbyError(UpperArm-Aligner1-Slot19)
EFEM-Robot_GetStandbyError(UpperArm-Aligner1-Slot20),40550,,1,EFEM-Robot_GetStandbyError(UpperArm-Aligner1-Slot20)
EFEM-Robot_GetStandbyError(UpperArm-Aligner1-Slot21),40551,,1,EFEM-Robot_GetStandbyError(UpperArm-Aligner1-Slot21)
EFEM-Robot_GetStandbyError(UpperArm-Aligner1-Slot22),40552,,1,EFEM-Robot_GetStandbyError(UpperArm-Aligner1-Slot22)
EFEM-Robot_GetStandbyError(UpperArm-Aligner1-Slot23),40553,,1,EFEM-Robot_GetStandbyError(UpperArm-Aligner1-Slot23)
EFEM-Robot_GetStandbyError(UpperArm-Aligner1-Slot24),40554,,1,EFEM-Robot_GetStandbyError(UpperArm-Aligner1-Slot24)
EFEM-Robot_GetStandbyError(UpperArm-Aligner1-Slot25),40555,,1,EFEM-Robot_GetStandbyError(UpperArm-Aligner1-Slot25)
EFEM-Robot_GetStandbyError(LowerArm-Stage1-Slot1),40556,,1,EFEM-Robot_GetStandbyError(LowerArm-Stage1-Slot1)
EFEM-Robot_GetStandbyError(LowerArm-Stage1-Slot2),40557,,1,EFEM-Robot_GetStandbyError(LowerArm-Stage1-Slot2)
EFEM-Robot_GetStandbyError(LowerArm-Stage1-Slot3),40558,,1,EFEM-Robot_GetStandbyError(LowerArm-Stage1-Slot3)
EFEM-Robot_GetStandbyError(LowerArm-Stage1-Slot4),40559,,1,EFEM-Robot_GetStandbyError(LowerArm-Stage1-Slot4)
EFEM-Robot_GetStandbyError(LowerArm-Stage1-Slot5),40560,,1,EFEM-Robot_GetStandbyError(LowerArm-Stage1-Slot5)
EFEM-Robot_GetStandbyError(LowerArm-Stage1-Slot6),40561,,1,EFEM-Robot_GetStandbyError(LowerArm-Stage1-Slot6)
EFEM-Robot_GetStandbyError(LowerArm-Stage1-Slot7),40562,,1,EFEM-Robot_GetStandbyError(LowerArm-Stage1-Slot7)
EFEM-Robot_GetStandbyError(LowerArm-Stage1-Slot8),40563,,1,EFEM-Robot_GetStandbyError(LowerArm-Stage1-Slot8)
EFEM-Robot_GetStandbyError(LowerArm-Stage1-Slot9),40564,,1,EFEM-Robot_GetStandbyError(LowerArm-Stage1-Slot9)
EFEM-Robot_GetStandbyError(LowerArm-Stage1-Slot10),40565,,1,EFEM-Robot_GetStandbyError(LowerArm-Stage1-Slot10)
EFEM-Robot_GetStandbyError(LowerArm-Stage1-Slot11),40566,,1,EFEM-Robot_GetStandbyError(LowerArm-Stage1-Slot11)
EFEM-Robot_GetStandbyError(LowerArm-Stage1-Slot12),40567,,1,EFEM-Robot_GetStandbyError(LowerArm-Stage1-Slot12)
EFEM-Robot_GetStandbyError(LowerArm-Stage1-Slot13),40568,,1,EFEM-Robot_GetStandbyError(LowerArm-Stage1-Slot13)
EFEM-Robot_GetStandbyError(LowerArm-Stage1-Slot14),40569,,1,EFEM-Robot_GetStandbyError(LowerArm-Stage1-Slot14)
EFEM-Robot_GetStandbyError(LowerArm-Stage1-Slot15),40570,,1,EFEM-Robot_GetStandbyError(LowerArm-Stage1-Slot15)
EFEM-Robot_GetStandbyError(LowerArm-Stage1-Slot16),40571,,1,EFEM-Robot_GetStandbyError(LowerArm-Stage1-Slot16)
EFEM-Robot_GetStandbyError(LowerArm-Stage1-Slot17),40572,,1,EFEM-Robot_GetStandbyError(LowerArm-Stage1-Slot17)
EFEM-Robot_GetStandbyError(LowerArm-Stage1-Slot18),40573,,1,EFEM-Robot_GetStandbyError(LowerArm-Stage1-Slot18)
EFEM-Robot_GetStandbyError(LowerArm-Stage1-Slot19),40574,,1,EFEM-Robot_GetStandbyError(LowerArm-Stage1-Slot19)
EFEM-Robot_GetStandbyError(LowerArm-Stage1-Slot20),40575,,1,EFEM-Robot_GetStandbyError(LowerArm-Stage1-Slot20)
EFEM-Robot_GetStandbyError(LowerArm-Stage1-Slot21),40576,,1,EFEM-Robot_GetStandbyError(LowerArm-Stage1-Slot21)
EFEM-Robot_GetStandbyError(LowerArm-Stage1-Slot22),40577,,1,EFEM-Robot_GetStandbyError(LowerArm-Stage1-Slot22)
EFEM-Robot_GetStandbyError(LowerArm-Stage1-Slot23),40578,,1,EFEM-Robot_GetStandbyError(LowerArm-Stage1-Slot23)
EFEM-Robot_GetStandbyError(LowerArm-Stage1-Slot24),40579,,1,EFEM-Robot_GetStandbyError(LowerArm-Stage1-Slot24)
EFEM-Robot_GetStandbyError(LowerArm-Stage1-Slot25),40580,,1,EFEM-Robot_GetStandbyError(LowerArm-Stage1-Slot25)
EFEM-Robot_GetStandbyError(UpperArm-Stage1-Slot1),40581,,1,EFEM-Robot_GetStandbyError(UpperArm-Stage1-Slot1)
EFEM-Robot_GetStandbyError(UpperArm-Stage1-Slot2),40582,,1,EFEM-Robot_GetStandbyError(UpperArm-Stage1-Slot2)
EFEM-Robot_GetStandbyError(UpperArm-Stage1-Slot3),40583,,1,EFEM-Robot_GetStandbyError(UpperArm-Stage1-Slot3)
EFEM-Robot_GetStandbyError(UpperArm-Stage1-Slot4),40584,,1,EFEM-Robot_GetStandbyError(UpperArm-Stage1-Slot4)
EFEM-Robot_GetStandbyError(UpperArm-Stage1-Slot5),40585,,1,EFEM-Robot_GetStandbyError(UpperArm-Stage1-Slot5)
EFEM-Robot_GetStandbyError(UpperArm-Stage1-Slot6),40586,,1,EFEM-Robot_GetStandbyError(UpperArm-Stage1-Slot6)
EFEM-Robot_GetStandbyError(UpperArm-Stage1-Slot7),40587,,1,EFEM-Robot_GetStandbyError(UpperArm-Stage1-Slot7)
EFEM-Robot_GetStandbyError(UpperArm-Stage1-Slot8),40588,,1,EFEM-Robot_GetStandbyError(UpperArm-Stage1-Slot8)
EFEM-Robot_GetStandbyError(UpperArm-Stage1-Slot9),40589,,1,EFEM-Robot_GetStandbyError(UpperArm-Stage1-Slot9)
EFEM-Robot_GetStandbyError(UpperArm-Stage1-Slot10),40590,,1,EFEM-Robot_GetStandbyError(UpperArm-Stage1-Slot10)
EFEM-Robot_GetStandbyError(UpperArm-Stage1-Slot11),40591,,1,EFEM-Robot_GetStandbyError(UpperArm-Stage1-Slot11)
EFEM-Robot_GetStandbyError(UpperArm-Stage1-Slot12),40592,,1,EFEM-Robot_GetStandbyError(UpperArm-Stage1-Slot12)
EFEM-Robot_GetStandbyError(UpperArm-Stage1-Slot13),40593,,1,EFEM-Robot_GetStandbyError(UpperArm-Stage1-Slot13)
EFEM-Robot_GetStandbyError(UpperArm-Stage1-Slot14),40594,,1,EFEM-Robot_GetStandbyError(UpperArm-Stage1-Slot14)
EFEM-Robot_GetStandbyError(UpperArm-Stage1-Slot15),40595,,1,EFEM-Robot_GetStandbyError(UpperArm-Stage1-Slot15)
EFEM-Robot_GetStandbyError(UpperArm-Stage1-Slot16),40596,,1,EFEM-Robot_GetStandbyError(UpperArm-Stage1-Slot16)
EFEM-Robot_GetStandbyError(UpperArm-Stage1-Slot17),40597,,1,EFEM-Robot_GetStandbyError(UpperArm-Stage1-Slot17)
EFEM-Robot_GetStandbyError(UpperArm-Stage1-Slot18),40598,,1,EFEM-Robot_GetStandbyError(UpperArm-Stage1-Slot18)
EFEM-Robot_GetStandbyError(UpperArm-Stage1-Slot19),40599,,1,EFEM-Robot_GetStandbyError(UpperArm-Stage1-Slot19)
EFEM-Robot_GetStandbyError(UpperArm-Stage1-Slot20),40600,,1,EFEM-Robot_GetStandbyError(UpperArm-Stage1-Slot20)
EFEM-Robot_GetStandbyError(UpperArm-Stage1-Slot21),40601,,1,EFEM-Robot_GetStandbyError(UpperArm-Stage1-Slot21)
EFEM-Robot_GetStandbyError(UpperArm-Stage1-Slot22),40602,,1,EFEM-Robot_GetStandbyError(UpperArm-Stage1-Slot22)
EFEM-Robot_GetStandbyError(UpperArm-Stage1-Slot23),40603,,1,EFEM-Robot_GetStandbyError(UpperArm-Stage1-Slot23)
EFEM-Robot_GetStandbyError(UpperArm-Stage1-Slot24),40604,,1,EFEM-Robot_GetStandbyError(UpperArm-Stage1-Slot24)
EFEM-Robot_GetStandbyError(UpperArm-Stage1-Slot25),40605,,1,EFEM-Robot_GetStandbyError(UpperArm-Stage1-Slot25)
EFEM-Robot_PutStandbyError(LowerArm-P1-Slot1),40606,,1,EFEM-Robot_PutStandbyError(LowerArm-P1-Slot1)
EFEM-Robot_PutStandbyError(LowerArm-P1-Slot2),40607,,1,EFEM-Robot_PutStandbyError(LowerArm-P1-Slot2)
EFEM-Robot_PutStandbyError(LowerArm-P1-Slot3),40608,,1,EFEM-Robot_PutStandbyError(LowerArm-P1-Slot3)
EFEM-Robot_PutStandbyError(LowerArm-P1-Slot4),40609,,1,EFEM-Robot_PutStandbyError(LowerArm-P1-Slot4)
EFEM-Robot_PutStandbyError(LowerArm-P1-Slot5),40610,,1,EFEM-Robot_PutStandbyError(LowerArm-P1-Slot5)
EFEM-Robot_PutStandbyError(LowerArm-P1-Slot6),40611,,1,EFEM-Robot_PutStandbyError(LowerArm-P1-Slot6)
EFEM-Robot_PutStandbyError(LowerArm-P1-Slot7),40612,,1,EFEM-Robot_PutStandbyError(LowerArm-P1-Slot7)
EFEM-Robot_PutStandbyError(LowerArm-P1-Slot8),40613,,1,EFEM-Robot_PutStandbyError(LowerArm-P1-Slot8)
EFEM-Robot_PutStandbyError(LowerArm-P1-Slot9),40614,,1,EFEM-Robot_PutStandbyError(LowerArm-P1-Slot9)
EFEM-Robot_PutStandbyError(LowerArm-P1-Slot10),40615,,1,EFEM-Robot_PutStandbyError(LowerArm-P1-Slot10)
EFEM-Robot_PutStandbyError(LowerArm-P1-Slot11),40616,,1,EFEM-Robot_PutStandbyError(LowerArm-P1-Slot11)
EFEM-Robot_PutStandbyError(LowerArm-P1-Slot12),40617,,1,EFEM-Robot_PutStandbyError(LowerArm-P1-Slot12)
EFEM-Robot_PutStandbyError(LowerArm-P1-Slot13),40618,,1,EFEM-Robot_PutStandbyError(LowerArm-P1-Slot13)
EFEM-Robot_PutStandbyError(LowerArm-P1-Slot14),40619,,1,EFEM-Robot_PutStandbyError(LowerArm-P1-Slot14)
EFEM-Robot_PutStandbyError(LowerArm-P1-Slot15),40620,,1,EFEM-Robot_PutStandbyError(LowerArm-P1-Slot15)
EFEM-Robot_PutStandbyError(LowerArm-P1-Slot16),40621,,1,EFEM-Robot_PutStandbyError(LowerArm-P1-Slot16)
EFEM-Robot_PutStandbyError(LowerArm-P1-Slot17),40622,,1,EFEM-Robot_PutStandbyError(LowerArm-P1-Slot17)
EFEM-Robot_PutStandbyError(LowerArm-P1-Slot18),40623,,1,EFEM-Robot_PutStandbyError(LowerArm-P1-Slot18)
EFEM-Robot_PutStandbyError(LowerArm-P1-Slot19),40624,,1,EFEM-Robot_PutStandbyError(LowerArm-P1-Slot19)
EFEM-Robot_PutStandbyError(LowerArm-P1-Slot20),40625,,1,EFEM-Robot_PutStandbyError(LowerArm-P1-Slot20)
EFEM-Robot_PutStandbyError(LowerArm-P1-Slot21),40626,,1,EFEM-Robot_PutStandbyError(LowerArm-P1-Slot21)
EFEM-Robot_PutStandbyError(LowerArm-P1-Slot22),40627,,1,EFEM-Robot_PutStandbyError(LowerArm-P1-Slot22)
EFEM-Robot_PutStandbyError(LowerArm-P1-Slot23),40628,,1,EFEM-Robot_PutStandbyError(LowerArm-P1-Slot23)
EFEM-Robot_PutStandbyError(LowerArm-P1-Slot24),40629,,1,EFEM-Robot_PutStandbyError(LowerArm-P1-Slot24)
EFEM-Robot_PutStandbyError(LowerArm-P1-Slot25),40630,,1,EFEM-Robot_PutStandbyError(LowerArm-P1-Slot25)
EFEM-Robot_PutStandbyError(UpperArm-P1-Slot1),40631,,1,EFEM-Robot_PutStandbyError(UpperArm-P1-Slot1)
EFEM-Robot_PutStandbyError(UpperArm-P1-Slot2),40632,,1,EFEM-Robot_PutStandbyError(UpperArm-P1-Slot2)
EFEM-Robot_PutStandbyError(UpperArm-P1-Slot3),40633,,1,EFEM-Robot_PutStandbyError(UpperArm-P1-Slot3)
EFEM-Robot_PutStandbyError(UpperArm-P1-Slot4),40634,,1,EFEM-Robot_PutStandbyError(UpperArm-P1-Slot4)
EFEM-Robot_PutStandbyError(UpperArm-P1-Slot5),40635,,1,EFEM-Robot_PutStandbyError(UpperArm-P1-Slot5)
EFEM-Robot_PutStandbyError(UpperArm-P1-Slot6),40636,,1,EFEM-Robot_PutStandbyError(UpperArm-P1-Slot6)
EFEM-Robot_PutStandbyError(UpperArm-P1-Slot7),40637,,1,EFEM-Robot_PutStandbyError(UpperArm-P1-Slot7)
EFEM-Robot_PutStandbyError(UpperArm-P1-Slot8),40638,,1,EFEM-Robot_PutStandbyError(UpperArm-P1-Slot8)
EFEM-Robot_PutStandbyError(UpperArm-P1-Slot9),40639,,1,EFEM-Robot_PutStandbyError(UpperArm-P1-Slot9)
EFEM-Robot_PutStandbyError(UpperArm-P1-Slot10),40640,,1,EFEM-Robot_PutStandbyError(UpperArm-P1-Slot10)
EFEM-Robot_PutStandbyError(UpperArm-P1-Slot11),40641,,1,EFEM-Robot_PutStandbyError(UpperArm-P1-Slot11)
EFEM-Robot_PutStandbyError(UpperArm-P1-Slot12),40642,,1,EFEM-Robot_PutStandbyError(UpperArm-P1-Slot12)
EFEM-Robot_PutStandbyError(UpperArm-P1-Slot13),40643,,1,EFEM-Robot_PutStandbyError(UpperArm-P1-Slot13)
EFEM-Robot_PutStandbyError(UpperArm-P1-Slot14),40644,,1,EFEM-Robot_PutStandbyError(UpperArm-P1-Slot14)
EFEM-Robot_PutStandbyError(UpperArm-P1-Slot15),40645,,1,EFEM-Robot_PutStandbyError(UpperArm-P1-Slot15)
EFEM-Robot_PutStandbyError(UpperArm-P1-Slot16),40646,,1,EFEM-Robot_PutStandbyError(UpperArm-P1-Slot16)
EFEM-Robot_PutStandbyError(UpperArm-P1-Slot17),40647,,1,EFEM-Robot_PutStandbyError(UpperArm-P1-Slot17)
EFEM-Robot_PutStandbyError(UpperArm-P1-Slot18),40648,,1,EFEM-Robot_PutStandbyError(UpperArm-P1-Slot18)
EFEM-Robot_PutStandbyError(UpperArm-P1-Slot19),40649,,1,EFEM-Robot_PutStandbyError(UpperArm-P1-Slot19)
EFEM-Robot_PutStandbyError(UpperArm-P1-Slot20),40650,,1,EFEM-Robot_PutStandbyError(UpperArm-P1-Slot20)
EFEM-Robot_PutStandbyError(UpperArm-P1-Slot21),40651,,1,EFEM-Robot_PutStandbyError(UpperArm-P1-Slot21)
EFEM-Robot_PutStandbyError(UpperArm-P1-Slot22),40652,,1,EFEM-Robot_PutStandbyError(UpperArm-P1-Slot22)
EFEM-Robot_PutStandbyError(UpperArm-P1-Slot23),40653,,1,EFEM-Robot_PutStandbyError(UpperArm-P1-Slot23)
EFEM-Robot_PutStandbyError(UpperArm-P1-Slot24),40654,,1,EFEM-Robot_PutStandbyError(UpperArm-P1-Slot24)
EFEM-Robot_PutStandbyError(UpperArm-P1-Slot25),40655,,1,EFEM-Robot_PutStandbyError(UpperArm-P1-Slot25)
EFEM-Robot_PutStandbyError(LowerArm-P2-Slot1),40656,,1,EFEM-Robot_PutStandbyError(LowerArm-P2-Slot1)
EFEM-Robot_PutStandbyError(LowerArm-P2-Slot2),40657,,1,EFEM-Robot_PutStandbyError(LowerArm-P2-Slot2)
EFEM-Robot_PutStandbyError(LowerArm-P2-Slot3),40658,,1,EFEM-Robot_PutStandbyError(LowerArm-P2-Slot3)
EFEM-Robot_PutStandbyError(LowerArm-P2-Slot4),40659,,1,EFEM-Robot_PutStandbyError(LowerArm-P2-Slot4)
EFEM-Robot_PutStandbyError(LowerArm-P2-Slot5),40660,,1,EFEM-Robot_PutStandbyError(LowerArm-P2-Slot5)
EFEM-Robot_PutStandbyError(LowerArm-P2-Slot6),40661,,1,EFEM-Robot_PutStandbyError(LowerArm-P2-Slot6)
EFEM-Robot_PutStandbyError(LowerArm-P2-Slot7),40662,,1,EFEM-Robot_PutStandbyError(LowerArm-P2-Slot7)
EFEM-Robot_PutStandbyError(LowerArm-P2-Slot8),40663,,1,EFEM-Robot_PutStandbyError(LowerArm-P2-Slot8)
EFEM-Robot_PutStandbyError(LowerArm-P2-Slot9),40664,,1,EFEM-Robot_PutStandbyError(LowerArm-P2-Slot9)
EFEM-Robot_PutStandbyError(LowerArm-P2-Slot10),40665,,1,EFEM-Robot_PutStandbyError(LowerArm-P2-Slot10)
EFEM-Robot_PutStandbyError(LowerArm-P2-Slot11),40666,,1,EFEM-Robot_PutStandbyError(LowerArm-P2-Slot11)
EFEM-Robot_PutStandbyError(LowerArm-P2-Slot12),40667,,1,EFEM-Robot_PutStandbyError(LowerArm-P2-Slot12)
EFEM-Robot_PutStandbyError(LowerArm-P2-Slot13),40668,,1,EFEM-Robot_PutStandbyError(LowerArm-P2-Slot13)
EFEM-Robot_PutStandbyError(LowerArm-P2-Slot14),40669,,1,EFEM-Robot_PutStandbyError(LowerArm-P2-Slot14)
EFEM-Robot_PutStandbyError(LowerArm-P2-Slot15),40670,,1,EFEM-Robot_PutStandbyError(LowerArm-P2-Slot15)
EFEM-Robot_PutStandbyError(LowerArm-P2-Slot16),40671,,1,EFEM-Robot_PutStandbyError(LowerArm-P2-Slot16)
EFEM-Robot_PutStandbyError(LowerArm-P2-Slot17),40672,,1,EFEM-Robot_PutStandbyError(LowerArm-P2-Slot17)
EFEM-Robot_PutStandbyError(LowerArm-P2-Slot18),40673,,1,EFEM-Robot_PutStandbyError(LowerArm-P2-Slot18)
EFEM-Robot_PutStandbyError(LowerArm-P2-Slot19),40674,,1,EFEM-Robot_PutStandbyError(LowerArm-P2-Slot19)
EFEM-Robot_PutStandbyError(LowerArm-P2-Slot20),40675,,1,EFEM-Robot_PutStandbyError(LowerArm-P2-Slot20)
EFEM-Robot_PutStandbyError(LowerArm-P2-Slot21),40676,,1,EFEM-Robot_PutStandbyError(LowerArm-P2-Slot21)
EFEM-Robot_PutStandbyError(LowerArm-P2-Slot22),40677,,1,EFEM-Robot_PutStandbyError(LowerArm-P2-Slot22)
EFEM-Robot_PutStandbyError(LowerArm-P2-Slot23),40678,,1,EFEM-Robot_PutStandbyError(LowerArm-P2-Slot23)
EFEM-Robot_PutStandbyError(LowerArm-P2-Slot24),40679,,1,EFEM-Robot_PutStandbyError(LowerArm-P2-Slot24)
EFEM-Robot_PutStandbyError(LowerArm-P2-Slot25),40680,,1,EFEM-Robot_PutStandbyError(LowerArm-P2-Slot25)
EFEM-Robot_PutStandbyError(UpperArm-P2-Slot1),40681,,1,EFEM-Robot_PutStandbyError(UpperArm-P2-Slot1)
EFEM-Robot_PutStandbyError(UpperArm-P2-Slot2),40682,,1,EFEM-Robot_PutStandbyError(UpperArm-P2-Slot2)
EFEM-Robot_PutStandbyError(UpperArm-P2-Slot3),40683,,1,EFEM-Robot_PutStandbyError(UpperArm-P2-Slot3)
EFEM-Robot_PutStandbyError(UpperArm-P2-Slot4),40684,,1,EFEM-Robot_PutStandbyError(UpperArm-P2-Slot4)
EFEM-Robot_PutStandbyError(UpperArm-P2-Slot5),40685,,1,EFEM-Robot_PutStandbyError(UpperArm-P2-Slot5)
EFEM-Robot_PutStandbyError(UpperArm-P2-Slot6),40686,,1,EFEM-Robot_PutStandbyError(UpperArm-P2-Slot6)
EFEM-Robot_PutStandbyError(UpperArm-P2-Slot7),40687,,1,EFEM-Robot_PutStandbyError(UpperArm-P2-Slot7)
EFEM-Robot_PutStandbyError(UpperArm-P2-Slot8),40688,,1,EFEM-Robot_PutStandbyError(UpperArm-P2-Slot8)
EFEM-Robot_PutStandbyError(UpperArm-P2-Slot9),40689,,1,EFEM-Robot_PutStandbyError(UpperArm-P2-Slot9)
EFEM-Robot_PutStandbyError(UpperArm-P2-Slot10),40690,,1,EFEM-Robot_PutStandbyError(UpperArm-P2-Slot10)
EFEM-Robot_PutStandbyError(UpperArm-P2-Slot11),40691,,1,EFEM-Robot_PutStandbyError(UpperArm-P2-Slot11)
EFEM-Robot_PutStandbyError(UpperArm-P2-Slot12),40692,,1,EFEM-Robot_PutStandbyError(UpperArm-P2-Slot12)
EFEM-Robot_PutStandbyError(UpperArm-P2-Slot13),40693,,1,EFEM-Robot_PutStandbyError(UpperArm-P2-Slot13)
EFEM-Robot_PutStandbyError(UpperArm-P2-Slot14),40694,,1,EFEM-Robot_PutStandbyError(UpperArm-P2-Slot14)
EFEM-Robot_PutStandbyError(UpperArm-P2-Slot15),40695,,1,EFEM-Robot_PutStandbyError(UpperArm-P2-Slot15)
EFEM-Robot_PutStandbyError(UpperArm-P2-Slot16),40696,,1,EFEM-Robot_PutStandbyError(UpperArm-P2-Slot16)
EFEM-Robot_PutStandbyError(UpperArm-P2-Slot17),40697,,1,EFEM-Robot_PutStandbyError(UpperArm-P2-Slot17)
EFEM-Robot_PutStandbyError(UpperArm-P2-Slot18),40698,,1,EFEM-Robot_PutStandbyError(UpperArm-P2-Slot18)
EFEM-Robot_PutStandbyError(UpperArm-P2-Slot19),40699,,1,EFEM-Robot_PutStandbyError(UpperArm-P2-Slot19)
EFEM-Robot_PutStandbyError(UpperArm-P2-Slot20),40700,,1,EFEM-Robot_PutStandbyError(UpperArm-P2-Slot20)
EFEM-Robot_PutStandbyError(UpperArm-P2-Slot21),40701,,1,EFEM-Robot_PutStandbyError(UpperArm-P2-Slot21)
EFEM-Robot_PutStandbyError(UpperArm-P2-Slot22),40702,,1,EFEM-Robot_PutStandbyError(UpperArm-P2-Slot22)
EFEM-Robot_PutStandbyError(UpperArm-P2-Slot23),40703,,1,EFEM-Robot_PutStandbyError(UpperArm-P2-Slot23)
EFEM-Robot_PutStandbyError(UpperArm-P2-Slot24),40704,,1,EFEM-Robot_PutStandbyError(UpperArm-P2-Slot24)
EFEM-Robot_PutStandbyError(UpperArm-P2-Slot25),40705,,1,EFEM-Robot_PutStandbyError(UpperArm-P2-Slot25)
EFEM-Robot_PutStandbyError(LowerArm-Aligner1-Slot1),40706,,1,EFEM-Robot_PutStandbyError(LowerArm-Aligner1-Slot1)
EFEM-Robot_PutStandbyError(LowerArm-Aligner1-Slot2),40707,,1,EFEM-Robot_PutStandbyError(LowerArm-Aligner1-Slot2)
EFEM-Robot_PutStandbyError(LowerArm-Aligner1-Slot3),40708,,1,EFEM-Robot_PutStandbyError(LowerArm-Aligner1-Slot3)
EFEM-Robot_PutStandbyError(LowerArm-Aligner1-Slot4),40709,,1,EFEM-Robot_PutStandbyError(LowerArm-Aligner1-Slot4)
EFEM-Robot_PutStandbyError(LowerArm-Aligner1-Slot5),40710,,1,EFEM-Robot_PutStandbyError(LowerArm-Aligner1-Slot5)
EFEM-Robot_PutStandbyError(LowerArm-Aligner1-Slot6),40711,,1,EFEM-Robot_PutStandbyError(LowerArm-Aligner1-Slot6)
EFEM-Robot_PutStandbyError(LowerArm-Aligner1-Slot7),40712,,1,EFEM-Robot_PutStandbyError(LowerArm-Aligner1-Slot7)
EFEM-Robot_PutStandbyError(LowerArm-Aligner1-Slot8),40713,,1,EFEM-Robot_PutStandbyError(LowerArm-Aligner1-Slot8)
EFEM-Robot_PutStandbyError(LowerArm-Aligner1-Slot9),40714,,1,EFEM-Robot_PutStandbyError(LowerArm-Aligner1-Slot9)
EFEM-Robot_PutStandbyError(LowerArm-Aligner1-Slot10),40715,,1,EFEM-Robot_PutStandbyError(LowerArm-Aligner1-Slot10)
EFEM-Robot_PutStandbyError(LowerArm-Aligner1-Slot11),40716,,1,EFEM-Robot_PutStandbyError(LowerArm-Aligner1-Slot11)
EFEM-Robot_PutStandbyError(LowerArm-Aligner1-Slot12),40717,,1,EFEM-Robot_PutStandbyError(LowerArm-Aligner1-Slot12)
EFEM-Robot_PutStandbyError(LowerArm-Aligner1-Slot13),40718,,1,EFEM-Robot_PutStandbyError(LowerArm-Aligner1-Slot13)
EFEM-Robot_PutStandbyError(LowerArm-Aligner1-Slot14),40719,,1,EFEM-Robot_PutStandbyError(LowerArm-Aligner1-Slot14)
EFEM-Robot_PutStandbyError(LowerArm-Aligner1-Slot15),40720,,1,EFEM-Robot_PutStandbyError(LowerArm-Aligner1-Slot15)
EFEM-Robot_PutStandbyError(LowerArm-Aligner1-Slot16),40721,,1,EFEM-Robot_PutStandbyError(LowerArm-Aligner1-Slot16)
EFEM-Robot_PutStandbyError(LowerArm-Aligner1-Slot17),40722,,1,EFEM-Robot_PutStandbyError(LowerArm-Aligner1-Slot17)
EFEM-Robot_PutStandbyError(LowerArm-Aligner1-Slot18),40723,,1,EFEM-Robot_PutStandbyError(LowerArm-Aligner1-Slot18)
EFEM-Robot_PutStandbyError(LowerArm-Aligner1-Slot19),40724,,1,EFEM-Robot_PutStandbyError(LowerArm-Aligner1-Slot19)
EFEM-Robot_PutStandbyError(LowerArm-Aligner1-Slot20),40725,,1,EFEM-Robot_PutStandbyError(LowerArm-Aligner1-Slot20)
EFEM-Robot_PutStandbyError(LowerArm-Aligner1-Slot21),40726,,1,EFEM-Robot_PutStandbyError(LowerArm-Aligner1-Slot21)
EFEM-Robot_PutStandbyError(LowerArm-Aligner1-Slot22),40727,,1,EFEM-Robot_PutStandbyError(LowerArm-Aligner1-Slot22)
EFEM-Robot_PutStandbyError(LowerArm-Aligner1-Slot23),40728,,1,EFEM-Robot_PutStandbyError(LowerArm-Aligner1-Slot23)
EFEM-Robot_PutStandbyError(LowerArm-Aligner1-Slot24),40729,,1,EFEM-Robot_PutStandbyError(LowerArm-Aligner1-Slot24)
EFEM-Robot_PutStandbyError(LowerArm-Aligner1-Slot25),40730,,1,EFEM-Robot_PutStandbyError(LowerArm-Aligner1-Slot25)
EFEM-Robot_PutStandbyError(UpperArm-Aligner1-Slot1),40731,,1,EFEM-Robot_PutStandbyError(UpperArm-Aligner1-Slot1)
EFEM-Robot_PutStandbyError(UpperArm-Aligner1-Slot2),40732,,1,EFEM-Robot_PutStandbyError(UpperArm-Aligner1-Slot2)
EFEM-Robot_PutStandbyError(UpperArm-Aligner1-Slot3),40733,,1,EFEM-Robot_PutStandbyError(UpperArm-Aligner1-Slot3)
EFEM-Robot_PutStandbyError(UpperArm-Aligner1-Slot4),40734,,1,EFEM-Robot_PutStandbyError(UpperArm-Aligner1-Slot4)
EFEM-Robot_PutStandbyError(UpperArm-Aligner1-Slot5),40735,,1,EFEM-Robot_PutStandbyError(UpperArm-Aligner1-Slot5)
EFEM-Robot_PutStandbyError(UpperArm-Aligner1-Slot6),40736,,1,EFEM-Robot_PutStandbyError(UpperArm-Aligner1-Slot6)
EFEM-Robot_PutStandbyError(UpperArm-Aligner1-Slot7),40737,,1,EFEM-Robot_PutStandbyError(UpperArm-Aligner1-Slot7)
EFEM-Robot_PutStandbyError(UpperArm-Aligner1-Slot8),40738,,1,EFEM-Robot_PutStandbyError(UpperArm-Aligner1-Slot8)
EFEM-Robot_PutStandbyError(UpperArm-Aligner1-Slot9),40739,,1,EFEM-Robot_PutStandbyError(UpperArm-Aligner1-Slot9)
EFEM-Robot_PutStandbyError(UpperArm-Aligner1-Slot10),40740,,1,EFEM-Robot_PutStandbyError(UpperArm-Aligner1-Slot10)
EFEM-Robot_PutStandbyError(UpperArm-Aligner1-Slot11),40741,,1,EFEM-Robot_PutStandbyError(UpperArm-Aligner1-Slot11)
EFEM-Robot_PutStandbyError(UpperArm-Aligner1-Slot12),40742,,1,EFEM-Robot_PutStandbyError(UpperArm-Aligner1-Slot12)
EFEM-Robot_PutStandbyError(UpperArm-Aligner1-Slot13),40743,,1,EFEM-Robot_PutStandbyError(UpperArm-Aligner1-Slot13)
EFEM-Robot_PutStandbyError(UpperArm-Aligner1-Slot14),40744,,1,EFEM-Robot_PutStandbyError(UpperArm-Aligner1-Slot14)
EFEM-Robot_PutStandbyError(UpperArm-Aligner1-Slot15),40745,,1,EFEM-Robot_PutStandbyError(UpperArm-Aligner1-Slot15)
EFEM-Robot_PutStandbyError(UpperArm-Aligner1-Slot16),40746,,1,EFEM-Robot_PutStandbyError(UpperArm-Aligner1-Slot16)
EFEM-Robot_PutStandbyError(UpperArm-Aligner1-Slot17),40747,,1,EFEM-Robot_PutStandbyError(UpperArm-Aligner1-Slot17)
EFEM-Robot_PutStandbyError(UpperArm-Aligner1-Slot18),40748,,1,EFEM-Robot_PutStandbyError(UpperArm-Aligner1-Slot18)
EFEM-Robot_PutStandbyError(UpperArm-Aligner1-Slot19),40749,,1,EFEM-Robot_PutStandbyError(UpperArm-Aligner1-Slot19)
EFEM-Robot_PutStandbyError(UpperArm-Aligner1-Slot20),40750,,1,EFEM-Robot_PutStandbyError(UpperArm-Aligner1-Slot20)
EFEM-Robot_PutStandbyError(UpperArm-Aligner1-Slot21),40751,,1,EFEM-Robot_PutStandbyError(UpperArm-Aligner1-Slot21)
EFEM-Robot_PutStandbyError(UpperArm-Aligner1-Slot22),40752,,1,EFEM-Robot_PutStandbyError(UpperArm-Aligner1-Slot22)
EFEM-Robot_PutStandbyError(UpperArm-Aligner1-Slot23),40753,,1,EFEM-Robot_PutStandbyError(UpperArm-Aligner1-Slot23)
EFEM-Robot_PutStandbyError(UpperArm-Aligner1-Slot24),40754,,1,EFEM-Robot_PutStandbyError(UpperArm-Aligner1-Slot24)
EFEM-Robot_PutStandbyError(UpperArm-Aligner1-Slot25),40755,,1,EFEM-Robot_PutStandbyError(UpperArm-Aligner1-Slot25)
EFEM-Robot_PutStandbyError(LowerArm-Stage1-Slot1),40756,,1,EFEM-Robot_PutStandbyError(LowerArm-Stage1-Slot1)
EFEM-Robot_PutStandbyError(LowerArm-Stage1-Slot2),40757,,1,EFEM-Robot_PutStandbyError(LowerArm-Stage1-Slot2)
EFEM-Robot_PutStandbyError(LowerArm-Stage1-Slot3),40758,,1,EFEM-Robot_PutStandbyError(LowerArm-Stage1-Slot3)
EFEM-Robot_PutStandbyError(LowerArm-Stage1-Slot4),40759,,1,EFEM-Robot_PutStandbyError(LowerArm-Stage1-Slot4)
EFEM-Robot_PutStandbyError(LowerArm-Stage1-Slot5),40760,,1,EFEM-Robot_PutStandbyError(LowerArm-Stage1-Slot5)
EFEM-Robot_PutStandbyError(LowerArm-Stage1-Slot6),40761,,1,EFEM-Robot_PutStandbyError(LowerArm-Stage1-Slot6)
EFEM-Robot_PutStandbyError(LowerArm-Stage1-Slot7),40762,,1,EFEM-Robot_PutStandbyError(LowerArm-Stage1-Slot7)
EFEM-Robot_PutStandbyError(LowerArm-Stage1-Slot8),40763,,1,EFEM-Robot_PutStandbyError(LowerArm-Stage1-Slot8)
EFEM-Robot_PutStandbyError(LowerArm-Stage1-Slot9),40764,,1,EFEM-Robot_PutStandbyError(LowerArm-Stage1-Slot9)
EFEM-Robot_PutStandbyError(LowerArm-Stage1-Slot10),40765,,1,EFEM-Robot_PutStandbyError(LowerArm-Stage1-Slot10)
EFEM-Robot_PutStandbyError(LowerArm-Stage1-Slot11),40766,,1,EFEM-Robot_PutStandbyError(LowerArm-Stage1-Slot11)
EFEM-Robot_PutStandbyError(LowerArm-Stage1-Slot12),40767,,1,EFEM-Robot_PutStandbyError(LowerArm-Stage1-Slot12)
EFEM-Robot_PutStandbyError(LowerArm-Stage1-Slot13),40768,,1,EFEM-Robot_PutStandbyError(LowerArm-Stage1-Slot13)
EFEM-Robot_PutStandbyError(LowerArm-Stage1-Slot14),40769,,1,EFEM-Robot_PutStandbyError(LowerArm-Stage1-Slot14)
EFEM-Robot_PutStandbyError(LowerArm-Stage1-Slot15),40770,,1,EFEM-Robot_PutStandbyError(LowerArm-Stage1-Slot15)
EFEM-Robot_PutStandbyError(LowerArm-Stage1-Slot16),40771,,1,EFEM-Robot_PutStandbyError(LowerArm-Stage1-Slot16)
EFEM-Robot_PutStandbyError(LowerArm-Stage1-Slot17),40772,,1,EFEM-Robot_PutStandbyError(LowerArm-Stage1-Slot17)
EFEM-Robot_PutStandbyError(LowerArm-Stage1-Slot18),40773,,1,EFEM-Robot_PutStandbyError(LowerArm-Stage1-Slot18)
EFEM-Robot_PutStandbyError(LowerArm-Stage1-Slot19),40774,,1,EFEM-Robot_PutStandbyError(LowerArm-Stage1-Slot19)
EFEM-Robot_PutStandbyError(LowerArm-Stage1-Slot20),40775,,1,EFEM-Robot_PutStandbyError(LowerArm-Stage1-Slot20)
EFEM-Robot_PutStandbyError(LowerArm-Stage1-Slot21),40776,,1,EFEM-Robot_PutStandbyError(LowerArm-Stage1-Slot21)
EFEM-Robot_PutStandbyError(LowerArm-Stage1-Slot22),40777,,1,EFEM-Robot_PutStandbyError(LowerArm-Stage1-Slot22)
EFEM-Robot_PutStandbyError(LowerArm-Stage1-Slot23),40778,,1,EFEM-Robot_PutStandbyError(LowerArm-Stage1-Slot23)
EFEM-Robot_PutStandbyError(LowerArm-Stage1-Slot24),40779,,1,EFEM-Robot_PutStandbyError(LowerArm-Stage1-Slot24)
EFEM-Robot_PutStandbyError(LowerArm-Stage1-Slot25),40780,,1,EFEM-Robot_PutStandbyError(LowerArm-Stage1-Slot25)
EFEM-Robot_PutStandbyError(UpperArm-Stage1-Slot1),40781,,1,EFEM-Robot_PutStandbyError(UpperArm-Stage1-Slot1)
EFEM-Robot_PutStandbyError(UpperArm-Stage1-Slot2),40782,,1,EFEM-Robot_PutStandbyError(UpperArm-Stage1-Slot2)
EFEM-Robot_PutStandbyError(UpperArm-Stage1-Slot3),40783,,1,EFEM-Robot_PutStandbyError(UpperArm-Stage1-Slot3)
EFEM-Robot_PutStandbyError(UpperArm-Stage1-Slot4),40784,,1,EFEM-Robot_PutStandbyError(UpperArm-Stage1-Slot4)
EFEM-Robot_PutStandbyError(UpperArm-Stage1-Slot5),40785,,1,EFEM-Robot_PutStandbyError(UpperArm-Stage1-Slot5)
EFEM-Robot_PutStandbyError(UpperArm-Stage1-Slot6),40786,,1,EFEM-Robot_PutStandbyError(UpperArm-Stage1-Slot6)
EFEM-Robot_PutStandbyError(UpperArm-Stage1-Slot7),40787,,1,EFEM-Robot_PutStandbyError(UpperArm-Stage1-Slot7)
EFEM-Robot_PutStandbyError(UpperArm-Stage1-Slot8),40788,,1,EFEM-Robot_PutStandbyError(UpperArm-Stage1-Slot8)
EFEM-Robot_PutStandbyError(UpperArm-Stage1-Slot9),40789,,1,EFEM-Robot_PutStandbyError(UpperArm-Stage1-Slot9)
EFEM-Robot_PutStandbyError(UpperArm-Stage1-Slot10),40790,,1,EFEM-Robot_PutStandbyError(UpperArm-Stage1-Slot10)
EFEM-Robot_PutStandbyError(UpperArm-Stage1-Slot11),40791,,1,EFEM-Robot_PutStandbyError(UpperArm-Stage1-Slot11)
EFEM-Robot_PutStandbyError(UpperArm-Stage1-Slot12),40792,,1,EFEM-Robot_PutStandbyError(UpperArm-Stage1-Slot12)
EFEM-Robot_PutStandbyError(UpperArm-Stage1-Slot13),40793,,1,EFEM-Robot_PutStandbyError(UpperArm-Stage1-Slot13)
EFEM-Robot_PutStandbyError(UpperArm-Stage1-Slot14),40794,,1,EFEM-Robot_PutStandbyError(UpperArm-Stage1-Slot14)
EFEM-Robot_PutStandbyError(UpperArm-Stage1-Slot15),40795,,1,EFEM-Robot_PutStandbyError(UpperArm-Stage1-Slot15)
EFEM-Robot_PutStandbyError(UpperArm-Stage1-Slot16),40796,,1,EFEM-Robot_PutStandbyError(UpperArm-Stage1-Slot16)
EFEM-Robot_PutStandbyError(UpperArm-Stage1-Slot17),40797,,1,EFEM-Robot_PutStandbyError(UpperArm-Stage1-Slot17)
EFEM-Robot_PutStandbyError(UpperArm-Stage1-Slot18),40798,,1,EFEM-Robot_PutStandbyError(UpperArm-Stage1-Slot18)
EFEM-Robot_PutStandbyError(UpperArm-Stage1-Slot19),40799,,1,EFEM-Robot_PutStandbyError(UpperArm-Stage1-Slot19)
EFEM-Robot_PutStandbyError(UpperArm-Stage1-Slot20),40800,,1,EFEM-Robot_PutStandbyError(UpperArm-Stage1-Slot20)
EFEM-Robot_PutStandbyError(UpperArm-Stage1-Slot21),40801,,1,EFEM-Robot_PutStandbyError(UpperArm-Stage1-Slot21)
EFEM-Robot_PutStandbyError(UpperArm-Stage1-Slot22),40802,,1,EFEM-Robot_PutStandbyError(UpperArm-Stage1-Slot22)
EFEM-Robot_PutStandbyError(UpperArm-Stage1-Slot23),40803,,1,EFEM-Robot_PutStandbyError(UpperArm-Stage1-Slot23)
EFEM-Robot_PutStandbyError(UpperArm-Stage1-Slot24),40804,,1,EFEM-Robot_PutStandbyError(UpperArm-Stage1-Slot24)
EFEM-Robot_PutStandbyError(UpperArm-Stage1-Slot25),40805,,1,EFEM-Robot_PutStandbyError(UpperArm-Stage1-Slot25)
EFEM-Robot_VacuumOnError(LowerArm),40806,,1,EFEM-Robot_VacuumOnError(LowerArm)
EFEM-Robot_VacuumOnError(UpperArm),40807,,1,EFEM-Robot_VacuumOnError(UpperArm)
EFEM-Robot_VacuumOffError(LowerArm),40808,,1,EFEM-Robot_VacuumOffError(LowerArm)
EFEM-Robot_VacuumOffError(UpperArm),40809,,1,EFEM-Robot_VacuumOffError(UpperArm)
EFEM-Aligner1_GetStatusError,50001,,1,EFEM-Aligner1_GetStatusError
EFEM-Aligner1_HomeError,50002,,1,EFEM-Aligner1_HomeError
EFEM-Aligner1_ResetError,50003,,1,EFEM-Aligner1_ResetError
EFEM-Aligner1_AlignmentError,50004,,1,EFEM-Aligner1_AlignmentError
EFEM-Aligner1_ToAngleError,50005,,1,EFEM-Aligner1_ToAngleError
EFEM-Aligner1_GetAlignerDegreeError,50006,,1,EFEM-Aligner1_GetAlignerDegreeError
EFEM-Aligner1_SetAlignerDegreeError,50007,,1,EFEM-Aligner1_SetAlignerDegreeError
EFEM-Aligner1_AlignerVacuumOnError,50008,,1,EFEM-Aligner1_AlignerVacuumOnError
EFEM-Aligner1_AlignerVacuumOffError,50009,,1,EFEM-Aligner1_AlignerVacuumOffError
EFEM-IO_SignalTowerError(AllOff),60001,,1,EFEM-IO_SignalTowerError(AllOff)
EFEM-IO_SignalTowerError(RedOn),60002,,1,EFEM-IO_SignalTowerError(RedOn)
EFEM-IO_SignalTowerError(RedOff),60003,,1,EFEM-IO_SignalTowerError(RedOff)
EFEM-IO_SignalTowerError(RedFlash),60004,,1,EFEM-IO_SignalTowerError(RedFlash)
EFEM-IO_SignalTowerError(YellowOn),60005,,1,EFEM-IO_SignalTowerError(YellowOn)
EFEM-IO_SignalTowerError(YellowOff),60006,,1,EFEM-IO_SignalTowerError(YellowOff)
EFEM-IO_SignalTowerError(YellowFlash),60007,,1,EFEM-IO_SignalTowerError(YellowFlash)
EFEM-IO_SignalTowerError(GreenOn),60008,,1,EFEM-IO_SignalTowerError(GreenOn)
EFEM-IO_SignalTowerError(GreenOff),60009,,1,EFEM-IO_SignalTowerError(GreenOff)
EFEM-IO_SignalTowerError(GreenFlash),60010,,1,EFEM-IO_SignalTowerError(GreenFlash)
EFEM-IO_SetFFUVoltageError,60011,,1,EFEM-IO_SetFFUVoltageError
EFEM-IO_GetPressureDifferenceError,60012,,1,EFEM-IO_GetPressureDifferenceError
EFEM-IO_BuzzerOnError,60013,,1,EFEM-IO_BuzzerOnError
EFEM-IO_BuzzerOffError,60014,,1,EFEM-IO_BuzzerOffError
EFEM-IO_BuzzerFlashError,60015,,1,EFEM-IO_BuzzerFlashError
EFEM-IO_GetEFEMInterlockError,60016,,1,EFEM-IO_GetEFEMInterlockError
EFEM-IO_SetEFEMInterlockOnError,60017,,1,EFEM-IO_SetEFEMInterlockOnError
EFEM-IO_SetEFEMInterlockOffError,60018,,1,EFEM-IO_SetEFEMInterlockOffError
EFEM-IO_GetEQInterlockError,60019,,1,EFEM-IO_GetEQInterlockError
EFEM-BarcodeReader_P1_ReadError,70001,,1,EFEM-BarcodeReader_P1_ReadError
EFEM-BarcodeReader_P2_ReadError,70002,,1,EFEM-BarcodeReader_P2_ReadError
EFEM-OCRReader_P1_ReadError,80001,,1,EFEM-OCRReader_P1_ReadError
EFEM-OCRReader_P2_ReadError,80002,,1,EFEM-OCRReader_P2_ReadError
EFEM-OCRReader_P1_ConnectError,80003,,1,EFEM-OCRReader_P1_ConnectError
EFEM-OCRReader_P2_ConnectError,80004,,1,EFEM-OCRReader_P2_ConnectError
