//Name,ID,Enable,Text,BitNo
EQP-DDMotorError,10001,TRUE,EQP-DDMotorError,0
EQP-CDAError,10002,TRUE,EQP-CDAError,1
EQP-EMO,10003,TRUE,EQP-EMO,2
EQP-StageVacuumError,10004,TRUE,EQP-StageVacuumError,3
EQP-CylinderUpError,10005,TRUE,EQP-CylinderUpError,4
EQP-CylinderDownError,10006,TRUE,EQP-CylinderDownError,5
EQP-DoorOpen,10007,TRUE,EQP-DoorOpen,6
EQP-AxleCardError,10008,TRUE,EQP-AxleCardError,7
EQP-IOCardError,10009,TRUE,EQP-IOCardError,8
EFEM-GetVersionError,20001,TRUE,EFEM-GetVersionError,9
EFEM-RemoteControlError,20002,TRUE,EFEM-RemoteControlError,10
EFEM-LocalControlError,20003,TRUE,EFEM-LocalControlError,11
EFEM-GetCurrentModeError,20004,TRUE,EFEM-GetCurrentModeError,12
EFEM-GetStatusError,20005,TRUE,EFEM-GetStatusError,13
EFEM-All_HomeError,20006,TRUE,EFEM-All_HomeError,14
EFEM-All_ResetError,20007,TRUE,EFEM-All_ResetError,15
EFEM-Stage1_HomeError,20008,TRUE,EFEM-Stage1_HomeError,16
EFEM-Loadport_P1_GetStatusError,30001,TRUE,EFEM-Loadport_P1_GetStatusError,17
EFEM-Loadport_P2_GetStatusError,30002,TRUE,EFEM-Loadport_P2_GetStatusError,18
EFEM-Loadport_P1_HomeError,30003,TRUE,EFEM-Loadport_P1_HomeError,19
EFEM-Loadport_P2_HomeError,30004,TRUE,EFEM-Loadport_P2_HomeError,20
EFEM-Loadport_P1_ResetError,30005,TRUE,EFEM-Loadport_P1_ResetError,21
EFEM-Loadport_P2_ResetError,30006,TRUE,EFEM-Loadport_P2_ResetError,22
EFEM-Loadport_P1_ResetComPortError,30007,TRUE,EFEM-Loadport_P1_ResetComPortError,23
EFEM-Loadport_P2_ResetComPortError,30008,TRUE,EFEM-Loadport_P2_ResetComPortError,24
EFEM-Loadport_P1_ReadFoupIDError,30009,TRUE,EFEM-Loadport_P1_ReadFoupIDError,25
EFEM-Loadport_P2_ReadFoupIDError,30010,TRUE,EFEM-Loadport_P2_ReadFoupIDError,26
EFEM-Loadport_P1_ClampError,30011,TRUE,EFEM-Loadport_P1_ClampError,27
EFEM-Loadport_P2_ClampError,30012,TRUE,EFEM-Loadport_P2_ClampError,28
EFEM-Loadport_P1_LoadError,30013,TRUE,EFEM-Loadport_P1_LoadError,29
EFEM-Loadport_P2_LoadError,30014,TRUE,EFEM-Loadport_P2_LoadError,30
EFEM-Loadport_P1_UnloadError,30015,TRUE,EFEM-Loadport_P1_UnloadError,31
EFEM-Loadport_P2_UnloadError,30016,TRUE,EFEM-Loadport_P2_UnloadError,32
EFEM-Loadport_P1_MapError,30017,TRUE,EFEM-Loadport_P1_MapError,33
EFEM-Loadport_P2_MapError,30018,TRUE,EFEM-Loadport_P2_MapError,34
EFEM-Loadport_P1_StopError,30019,TRUE,EFEM-Loadport_P1_StopError,35
EFEM-Loadport_P2_StopError,30020,TRUE,EFEM-Loadport_P2_StopError,36
EFEM-Loadport_P1_GetWaferSlotError,30021,TRUE,EFEM-Loadport_P1_GetWaferSlotError,37
EFEM-Loadport_P2_GetWaferSlotError,30022,TRUE,EFEM-Loadport_P2_GetWaferSlotError,38
EFEM-Loadport_P1_GetWaferSlot2Error,30023,TRUE,EFEM-Loadport_P1_GetWaferSlot2Error,39
EFEM-Loadport_P2_GetWaferSlot2Error,30024,TRUE,EFEM-Loadport_P2_GetWaferSlot2Error,40
EFEM-Loadport_P1_GetWaferThicknessError,30025,TRUE,EFEM-Loadport_P1_GetWaferThicknessError,41
EFEM-Loadport_P2_GetWaferThicknessError,30026,TRUE,EFEM-Loadport_P2_GetWaferThicknessError,42
EFEM-Loadport_P1_LEDLoadOnError,30027,TRUE,EFEM-Loadport_P1_LEDLoadOnError,43
EFEM-Loadport_P1_LEDLoadOffError,30028,TRUE,EFEM-Loadport_P1_LEDLoadOffError,44
EFEM-Loadport_P1_LEDLoadFlashError,30029,TRUE,EFEM-Loadport_P1_LEDLoadFlashError,45
EFEM-Loadport_P2_LEDLoadOnError,30030,TRUE,EFEM-Loadport_P2_LEDLoadOnError,46
EFEM-Loadport_P2_LEDLoadOffError,30031,TRUE,EFEM-Loadport_P2_LEDLoadOffError,47
EFEM-Loadport_P2_LEDLoadFlashError,30032,TRUE,EFEM-Loadport_P2_LEDLoadFlashError,48
EFEM-Loadport_P1_LEDUnLoadOnError,30033,TRUE,EFEM-Loadport_P1_LEDUnLoadOnError,49
EFEM-Loadport_P1_LEDUnLoadOffError,30034,TRUE,EFEM-Loadport_P1_LEDUnLoadOffError,50
EFEM-Loadport_P1_LEDUnLoadFlashError,30035,TRUE,EFEM-Loadport_P1_LEDUnLoadFlashError,51
EFEM-Loadport_P2_LEDUnLoadOnError,30036,TRUE,EFEM-Loadport_P2_LEDUnLoadOnError,52
EFEM-Loadport_P2_LEDUnLoadOffError,30037,TRUE,EFEM-Loadport_P2_LEDUnLoadOffError,53
EFEM-Loadport_P2_LEDUnLoadFlashError,30038,TRUE,EFEM-Loadport_P2_LEDUnLoadFlashError,54
EFEM-Loadport_P1_LEDStatus1OnError,30039,TRUE,EFEM-Loadport_P1_LEDStatus1OnError,55
EFEM-Loadport_P1_LEDStatus1OffError,30040,TRUE,EFEM-Loadport_P1_LEDStatus1OffError,56
EFEM-Loadport_P1_LEDStatus1FlashError,30041,TRUE,EFEM-Loadport_P1_LEDStatus1FlashError,57
EFEM-Loadport_P2_LEDStatus1OnError,30042,TRUE,EFEM-Loadport_P2_LEDStatus1OnError,58
EFEM-Loadport_P2_LEDStatus1OffError,30043,TRUE,EFEM-Loadport_P2_LEDStatus1OffError,59
EFEM-Loadport_P2_LEDStatus1FlashError,30044,TRUE,EFEM-Loadport_P2_LEDStatus1FlashError,60
EFEM-Loadport_P1_LEDStatus2OnError,30045,TRUE,EFEM-Loadport_P1_LEDStatus2OnError,61
EFEM-Loadport_P1_LEDStatus2OffError,30046,TRUE,EFEM-Loadport_P1_LEDStatus2OffError,62
EFEM-Loadport_P1_LEDStatus2FlashError,30047,TRUE,EFEM-Loadport_P1_LEDStatus2FlashError,63
EFEM-Loadport_P2_LEDStatus2OnError,30048,TRUE,EFEM-Loadport_P2_LEDStatus2OnError,64
EFEM-Loadport_P2_LEDStatus2OffError,30049,TRUE,EFEM-Loadport_P2_LEDStatus2OffError,65
EFEM-Loadport_P2_LEDStatus2FlashError,30050,TRUE,EFEM-Loadport_P2_LEDStatus2FlashError,66
EFEM-Loadport_P1_GetLEDStatusError,30051,TRUE,EFEM-Loadport_P1_GetLEDStatusError,67
EFEM-Loadport_P2_GetLEDStatusError,30052,TRUE,EFEM-Loadport_P2_GetLEDStatusError,68
EFEM-Loadport_P1_SetOperatorAccessButtonOnError,30053,TRUE,EFEM-Loadport_P1_SetOperatorAccessButtonOnError,69
EFEM-Loadport_P1_SetOperatorAccessButtonOffError,30054,TRUE,EFEM-Loadport_P1_SetOperatorAccessButtonOffError,70
EFEM-Loadport_P1_SetOperatorAccessButtonFlashError,30055,TRUE,EFEM-Loadport_P1_SetOperatorAccessButtonFlashError,71
EFEM-Loadport_P2_SetOperatorAccessButtonOnError,30056,TRUE,EFEM-Loadport_P2_SetOperatorAccessButtonOnError,72
EFEM-Loadport_P2_SetOperatorAccessButtonOffError,30057,TRUE,EFEM-Loadport_P2_SetOperatorAccessButtonOffError,73
EFEM-Loadport_P2_SetOperatorAccessButtonFlashError,30058,TRUE,EFEM-Loadport_P2_SetOperatorAccessButtonFlashError,74
EFEM-Loadport_P1_GetZAxisPosError,30059,TRUE,EFEM-Loadport_P1_GetZAxisPosError,75
EFEM-Loadport_P2_GetZAxisPosError,30060,TRUE,EFEM-Loadport_P2_GetZAxisPosError,76
EFEM-Robot_GetStatusError,40001,TRUE,EFEM-Robot_GetStatusError,77
EFEM-Robot_StopError,40002,TRUE,EFEM-Robot_StopError,78
EFEM-Robot_ReStartError,40003,TRUE,EFEM-Robot_ReStartError,79
EFEM-Robot_SetRobotSpeedError,40004,TRUE,EFEM-Robot_SetRobotSpeedError,80
EFEM-Robot_ReadPositionError,40005,TRUE,EFEM-Robot_ReadPositionError,81
EFEM-Robot_WaferGetError(LowerArm-P1-Slot1),40006,TRUE,EFEM-Robot_WaferGetError(LowerArm-P1-Slot1),82
EFEM-Robot_WaferGetError(LowerArm-P1-Slot2),40007,TRUE,EFEM-Robot_WaferGetError(LowerArm-P1-Slot2),83
EFEM-Robot_WaferGetError(LowerArm-P1-Slot3),40008,TRUE,EFEM-Robot_WaferGetError(LowerArm-P1-Slot3),84
EFEM-Robot_WaferGetError(LowerArm-P1-Slot4),40009,TRUE,EFEM-Robot_WaferGetError(LowerArm-P1-Slot4),85
EFEM-Robot_WaferGetError(LowerArm-P1-Slot5),40010,TRUE,EFEM-Robot_WaferGetError(LowerArm-P1-Slot5),86
EFEM-Robot_WaferGetError(LowerArm-P1-Slot6),40011,TRUE,EFEM-Robot_WaferGetError(LowerArm-P1-Slot6),87
EFEM-Robot_WaferGetError(LowerArm-P1-Slot7),40012,TRUE,EFEM-Robot_WaferGetError(LowerArm-P1-Slot7),88
EFEM-Robot_WaferGetError(LowerArm-P1-Slot8),40013,TRUE,EFEM-Robot_WaferGetError(LowerArm-P1-Slot8),89
EFEM-Robot_WaferGetError(LowerArm-P1-Slot9),40014,TRUE,EFEM-Robot_WaferGetError(LowerArm-P1-Slot9),90
EFEM-Robot_WaferGetError(LowerArm-P1-Slot10),40015,TRUE,EFEM-Robot_WaferGetError(LowerArm-P1-Slot10),91
EFEM-Robot_WaferGetError(LowerArm-P1-Slot11),40016,TRUE,EFEM-Robot_WaferGetError(LowerArm-P1-Slot11),92
EFEM-Robot_WaferGetError(LowerArm-P1-Slot12),40017,TRUE,EFEM-Robot_WaferGetError(LowerArm-P1-Slot12),93
EFEM-Robot_WaferGetError(LowerArm-P1-Slot13),40018,TRUE,EFEM-Robot_WaferGetError(LowerArm-P1-Slot13),94
EFEM-Robot_WaferGetError(LowerArm-P1-Slot14),40019,TRUE,EFEM-Robot_WaferGetError(LowerArm-P1-Slot14),95
EFEM-Robot_WaferGetError(LowerArm-P1-Slot15),40020,TRUE,EFEM-Robot_WaferGetError(LowerArm-P1-Slot15),96
EFEM-Robot_WaferGetError(LowerArm-P1-Slot16),40021,TRUE,EFEM-Robot_WaferGetError(LowerArm-P1-Slot16),97
EFEM-Robot_WaferGetError(LowerArm-P1-Slot17),40022,TRUE,EFEM-Robot_WaferGetError(LowerArm-P1-Slot17),98
EFEM-Robot_WaferGetError(LowerArm-P1-Slot18),40023,TRUE,EFEM-Robot_WaferGetError(LowerArm-P1-Slot18),99
EFEM-Robot_WaferGetError(LowerArm-P1-Slot19),40024,TRUE,EFEM-Robot_WaferGetError(LowerArm-P1-Slot19),100
EFEM-Robot_WaferGetError(LowerArm-P1-Slot20),40025,TRUE,EFEM-Robot_WaferGetError(LowerArm-P1-Slot20),101
EFEM-Robot_WaferGetError(LowerArm-P1-Slot21),40026,TRUE,EFEM-Robot_WaferGetError(LowerArm-P1-Slot21),102
EFEM-Robot_WaferGetError(LowerArm-P1-Slot22),40027,TRUE,EFEM-Robot_WaferGetError(LowerArm-P1-Slot22),103
EFEM-Robot_WaferGetError(LowerArm-P1-Slot23),40028,TRUE,EFEM-Robot_WaferGetError(LowerArm-P1-Slot23),104
EFEM-Robot_WaferGetError(LowerArm-P1-Slot24),40029,TRUE,EFEM-Robot_WaferGetError(LowerArm-P1-Slot24),105
EFEM-Robot_WaferGetError(LowerArm-P1-Slot25),40030,TRUE,EFEM-Robot_WaferGetError(LowerArm-P1-Slot25),106
EFEM-Robot_WaferGetError(UpperArm-P1-Slot1),40031,TRUE,EFEM-Robot_WaferGetError(UpperArm-P1-Slot1),107
EFEM-Robot_WaferGetError(UpperArm-P1-Slot2),40032,TRUE,EFEM-Robot_WaferGetError(UpperArm-P1-Slot2),108
EFEM-Robot_WaferGetError(UpperArm-P1-Slot3),40033,TRUE,EFEM-Robot_WaferGetError(UpperArm-P1-Slot3),109
EFEM-Robot_WaferGetError(UpperArm-P1-Slot4),40034,TRUE,EFEM-Robot_WaferGetError(UpperArm-P1-Slot4),110
EFEM-Robot_WaferGetError(UpperArm-P1-Slot5),40035,TRUE,EFEM-Robot_WaferGetError(UpperArm-P1-Slot5),111
EFEM-Robot_WaferGetError(UpperArm-P1-Slot6),40036,TRUE,EFEM-Robot_WaferGetError(UpperArm-P1-Slot6),112
EFEM-Robot_WaferGetError(UpperArm-P1-Slot7),40037,TRUE,EFEM-Robot_WaferGetError(UpperArm-P1-Slot7),113
EFEM-Robot_WaferGetError(UpperArm-P1-Slot8),40038,TRUE,EFEM-Robot_WaferGetError(UpperArm-P1-Slot8),114
EFEM-Robot_WaferGetError(UpperArm-P1-Slot9),40039,TRUE,EFEM-Robot_WaferGetError(UpperArm-P1-Slot9),115
EFEM-Robot_WaferGetError(UpperArm-P1-Slot10),40040,TRUE,EFEM-Robot_WaferGetError(UpperArm-P1-Slot10),116
EFEM-Robot_WaferGetError(UpperArm-P1-Slot11),40041,TRUE,EFEM-Robot_WaferGetError(UpperArm-P1-Slot11),117
EFEM-Robot_WaferGetError(UpperArm-P1-Slot12),40042,TRUE,EFEM-Robot_WaferGetError(UpperArm-P1-Slot12),118
EFEM-Robot_WaferGetError(UpperArm-P1-Slot13),40043,TRUE,EFEM-Robot_WaferGetError(UpperArm-P1-Slot13),119
EFEM-Robot_WaferGetError(UpperArm-P1-Slot14),40044,TRUE,EFEM-Robot_WaferGetError(UpperArm-P1-Slot14),120
EFEM-Robot_WaferGetError(UpperArm-P1-Slot15),40045,TRUE,EFEM-Robot_WaferGetError(UpperArm-P1-Slot15),121
EFEM-Robot_WaferGetError(UpperArm-P1-Slot16),40046,TRUE,EFEM-Robot_WaferGetError(UpperArm-P1-Slot16),122
EFEM-Robot_WaferGetError(UpperArm-P1-Slot17),40047,TRUE,EFEM-Robot_WaferGetError(UpperArm-P1-Slot17),123
EFEM-Robot_WaferGetError(UpperArm-P1-Slot18),40048,TRUE,EFEM-Robot_WaferGetError(UpperArm-P1-Slot18),124
EFEM-Robot_WaferGetError(UpperArm-P1-Slot19),40049,TRUE,EFEM-Robot_WaferGetError(UpperArm-P1-Slot19),125
EFEM-Robot_WaferGetError(UpperArm-P1-Slot20),40050,TRUE,EFEM-Robot_WaferGetError(UpperArm-P1-Slot20),126
EFEM-Robot_WaferGetError(UpperArm-P1-Slot21),40051,TRUE,EFEM-Robot_WaferGetError(UpperArm-P1-Slot21),127
EFEM-Robot_WaferGetError(UpperArm-P1-Slot22),40052,TRUE,EFEM-Robot_WaferGetError(UpperArm-P1-Slot22),128
EFEM-Robot_WaferGetError(UpperArm-P1-Slot23),40053,TRUE,EFEM-Robot_WaferGetError(UpperArm-P1-Slot23),129
EFEM-Robot_WaferGetError(UpperArm-P1-Slot24),40054,TRUE,EFEM-Robot_WaferGetError(UpperArm-P1-Slot24),130
EFEM-Robot_WaferGetError(UpperArm-P1-Slot25),40055,TRUE,EFEM-Robot_WaferGetError(UpperArm-P1-Slot25),131
EFEM-Robot_WaferGetError(LowerArm-P2-Slot1),40056,TRUE,EFEM-Robot_WaferGetError(LowerArm-P2-Slot1),132
EFEM-Robot_WaferGetError(LowerArm-P2-Slot2),40057,TRUE,EFEM-Robot_WaferGetError(LowerArm-P2-Slot2),133
EFEM-Robot_WaferGetError(LowerArm-P2-Slot3),40058,TRUE,EFEM-Robot_WaferGetError(LowerArm-P2-Slot3),134
EFEM-Robot_WaferGetError(LowerArm-P2-Slot4),40059,TRUE,EFEM-Robot_WaferGetError(LowerArm-P2-Slot4),135
EFEM-Robot_WaferGetError(LowerArm-P2-Slot5),40060,TRUE,EFEM-Robot_WaferGetError(LowerArm-P2-Slot5),136
EFEM-Robot_WaferGetError(LowerArm-P2-Slot6),40061,TRUE,EFEM-Robot_WaferGetError(LowerArm-P2-Slot6),137
EFEM-Robot_WaferGetError(LowerArm-P2-Slot7),40062,TRUE,EFEM-Robot_WaferGetError(LowerArm-P2-Slot7),138
EFEM-Robot_WaferGetError(LowerArm-P2-Slot8),40063,TRUE,EFEM-Robot_WaferGetError(LowerArm-P2-Slot8),139
EFEM-Robot_WaferGetError(LowerArm-P2-Slot9),40064,TRUE,EFEM-Robot_WaferGetError(LowerArm-P2-Slot9),140
EFEM-Robot_WaferGetError(LowerArm-P2-Slot10),40065,TRUE,EFEM-Robot_WaferGetError(LowerArm-P2-Slot10),141
EFEM-Robot_WaferGetError(LowerArm-P2-Slot11),40066,TRUE,EFEM-Robot_WaferGetError(LowerArm-P2-Slot11),142
EFEM-Robot_WaferGetError(LowerArm-P2-Slot12),40067,TRUE,EFEM-Robot_WaferGetError(LowerArm-P2-Slot12),143
EFEM-Robot_WaferGetError(LowerArm-P2-Slot13),40068,TRUE,EFEM-Robot_WaferGetError(LowerArm-P2-Slot13),144
EFEM-Robot_WaferGetError(LowerArm-P2-Slot14),40069,TRUE,EFEM-Robot_WaferGetError(LowerArm-P2-Slot14),145
EFEM-Robot_WaferGetError(LowerArm-P2-Slot15),40070,TRUE,EFEM-Robot_WaferGetError(LowerArm-P2-Slot15),146
EFEM-Robot_WaferGetError(LowerArm-P2-Slot16),40071,TRUE,EFEM-Robot_WaferGetError(LowerArm-P2-Slot16),147
EFEM-Robot_WaferGetError(LowerArm-P2-Slot17),40072,TRUE,EFEM-Robot_WaferGetError(LowerArm-P2-Slot17),148
EFEM-Robot_WaferGetError(LowerArm-P2-Slot18),40073,TRUE,EFEM-Robot_WaferGetError(LowerArm-P2-Slot18),149
EFEM-Robot_WaferGetError(LowerArm-P2-Slot19),40074,TRUE,EFEM-Robot_WaferGetError(LowerArm-P2-Slot19),150
EFEM-Robot_WaferGetError(LowerArm-P2-Slot20),40075,TRUE,EFEM-Robot_WaferGetError(LowerArm-P2-Slot20),151
EFEM-Robot_WaferGetError(LowerArm-P2-Slot21),40076,TRUE,EFEM-Robot_WaferGetError(LowerArm-P2-Slot21),152
EFEM-Robot_WaferGetError(LowerArm-P2-Slot22),40077,TRUE,EFEM-Robot_WaferGetError(LowerArm-P2-Slot22),153
EFEM-Robot_WaferGetError(LowerArm-P2-Slot23),40078,TRUE,EFEM-Robot_WaferGetError(LowerArm-P2-Slot23),154
EFEM-Robot_WaferGetError(LowerArm-P2-Slot24),40079,TRUE,EFEM-Robot_WaferGetError(LowerArm-P2-Slot24),155
EFEM-Robot_WaferGetError(LowerArm-P2-Slot25),40080,TRUE,EFEM-Robot_WaferGetError(LowerArm-P2-Slot25),156
EFEM-Robot_WaferGetError(UpperArm-P2-Slot1),40081,TRUE,EFEM-Robot_WaferGetError(UpperArm-P2-Slot1),157
EFEM-Robot_WaferGetError(UpperArm-P2-Slot2),40082,TRUE,EFEM-Robot_WaferGetError(UpperArm-P2-Slot2),158
EFEM-Robot_WaferGetError(UpperArm-P2-Slot3),40083,TRUE,EFEM-Robot_WaferGetError(UpperArm-P2-Slot3),159
EFEM-Robot_WaferGetError(UpperArm-P2-Slot4),40084,TRUE,EFEM-Robot_WaferGetError(UpperArm-P2-Slot4),160
EFEM-Robot_WaferGetError(UpperArm-P2-Slot5),40085,TRUE,EFEM-Robot_WaferGetError(UpperArm-P2-Slot5),161
EFEM-Robot_WaferGetError(UpperArm-P2-Slot6),40086,TRUE,EFEM-Robot_WaferGetError(UpperArm-P2-Slot6),162
EFEM-Robot_WaferGetError(UpperArm-P2-Slot7),40087,TRUE,EFEM-Robot_WaferGetError(UpperArm-P2-Slot7),163
EFEM-Robot_WaferGetError(UpperArm-P2-Slot8),40088,TRUE,EFEM-Robot_WaferGetError(UpperArm-P2-Slot8),164
EFEM-Robot_WaferGetError(UpperArm-P2-Slot9),40089,TRUE,EFEM-Robot_WaferGetError(UpperArm-P2-Slot9),165
EFEM-Robot_WaferGetError(UpperArm-P2-Slot10),40090,TRUE,EFEM-Robot_WaferGetError(UpperArm-P2-Slot10),166
EFEM-Robot_WaferGetError(UpperArm-P2-Slot11),40091,TRUE,EFEM-Robot_WaferGetError(UpperArm-P2-Slot11),167
EFEM-Robot_WaferGetError(UpperArm-P2-Slot12),40092,TRUE,EFEM-Robot_WaferGetError(UpperArm-P2-Slot12),168
EFEM-Robot_WaferGetError(UpperArm-P2-Slot13),40093,TRUE,EFEM-Robot_WaferGetError(UpperArm-P2-Slot13),169
EFEM-Robot_WaferGetError(UpperArm-P2-Slot14),40094,TRUE,EFEM-Robot_WaferGetError(UpperArm-P2-Slot14),170
EFEM-Robot_WaferGetError(UpperArm-P2-Slot15),40095,TRUE,EFEM-Robot_WaferGetError(UpperArm-P2-Slot15),171
EFEM-Robot_WaferGetError(UpperArm-P2-Slot16),40096,TRUE,EFEM-Robot_WaferGetError(UpperArm-P2-Slot16),172
EFEM-Robot_WaferGetError(UpperArm-P2-Slot17),40097,TRUE,EFEM-Robot_WaferGetError(UpperArm-P2-Slot17),173
EFEM-Robot_WaferGetError(UpperArm-P2-Slot18),40098,TRUE,EFEM-Robot_WaferGetError(UpperArm-P2-Slot18),174
EFEM-Robot_WaferGetError(UpperArm-P2-Slot19),40099,TRUE,EFEM-Robot_WaferGetError(UpperArm-P2-Slot19),175
EFEM-Robot_WaferGetError(UpperArm-P2-Slot20),40100,TRUE,EFEM-Robot_WaferGetError(UpperArm-P2-Slot20),176
EFEM-Robot_WaferGetError(UpperArm-P2-Slot21),40101,TRUE,EFEM-Robot_WaferGetError(UpperArm-P2-Slot21),177
EFEM-Robot_WaferGetError(UpperArm-P2-Slot22),40102,TRUE,EFEM-Robot_WaferGetError(UpperArm-P2-Slot22),178
EFEM-Robot_WaferGetError(UpperArm-P2-Slot23),40103,TRUE,EFEM-Robot_WaferGetError(UpperArm-P2-Slot23),179
EFEM-Robot_WaferGetError(UpperArm-P2-Slot24),40104,TRUE,EFEM-Robot_WaferGetError(UpperArm-P2-Slot24),180
EFEM-Robot_WaferGetError(UpperArm-P2-Slot25),40105,TRUE,EFEM-Robot_WaferGetError(UpperArm-P2-Slot25),181
EFEM-Robot_WaferGetError(LowerArm-Aligner1-Slot1),40106,TRUE,EFEM-Robot_WaferGetError(LowerArm-Aligner1-Slot1),182
EFEM-Robot_WaferGetError(LowerArm-Aligner1-Slot2),40107,TRUE,EFEM-Robot_WaferGetError(LowerArm-Aligner1-Slot2),183
EFEM-Robot_WaferGetError(LowerArm-Aligner1-Slot3),40108,TRUE,EFEM-Robot_WaferGetError(LowerArm-Aligner1-Slot3),184
EFEM-Robot_WaferGetError(LowerArm-Aligner1-Slot4),40109,TRUE,EFEM-Robot_WaferGetError(LowerArm-Aligner1-Slot4),185
EFEM-Robot_WaferGetError(LowerArm-Aligner1-Slot5),40110,TRUE,EFEM-Robot_WaferGetError(LowerArm-Aligner1-Slot5),186
EFEM-Robot_WaferGetError(LowerArm-Aligner1-Slot6),40111,TRUE,EFEM-Robot_WaferGetError(LowerArm-Aligner1-Slot6),187
EFEM-Robot_WaferGetError(LowerArm-Aligner1-Slot7),40112,TRUE,EFEM-Robot_WaferGetError(LowerArm-Aligner1-Slot7),188
EFEM-Robot_WaferGetError(LowerArm-Aligner1-Slot8),40113,TRUE,EFEM-Robot_WaferGetError(LowerArm-Aligner1-Slot8),189
EFEM-Robot_WaferGetError(LowerArm-Aligner1-Slot9),40114,TRUE,EFEM-Robot_WaferGetError(LowerArm-Aligner1-Slot9),190
EFEM-Robot_WaferGetError(LowerArm-Aligner1-Slot10),40115,TRUE,EFEM-Robot_WaferGetError(LowerArm-Aligner1-Slot10),191
EFEM-Robot_WaferGetError(LowerArm-Aligner1-Slot11),40116,TRUE,EFEM-Robot_WaferGetError(LowerArm-Aligner1-Slot11),192
EFEM-Robot_WaferGetError(LowerArm-Aligner1-Slot12),40117,TRUE,EFEM-Robot_WaferGetError(LowerArm-Aligner1-Slot12),193
EFEM-Robot_WaferGetError(LowerArm-Aligner1-Slot13),40118,TRUE,EFEM-Robot_WaferGetError(LowerArm-Aligner1-Slot13),194
EFEM-Robot_WaferGetError(LowerArm-Aligner1-Slot14),40119,TRUE,EFEM-Robot_WaferGetError(LowerArm-Aligner1-Slot14),195
EFEM-Robot_WaferGetError(LowerArm-Aligner1-Slot15),40120,TRUE,EFEM-Robot_WaferGetError(LowerArm-Aligner1-Slot15),196
EFEM-Robot_WaferGetError(LowerArm-Aligner1-Slot16),40121,TRUE,EFEM-Robot_WaferGetError(LowerArm-Aligner1-Slot16),197
EFEM-Robot_WaferGetError(LowerArm-Aligner1-Slot17),40122,TRUE,EFEM-Robot_WaferGetError(LowerArm-Aligner1-Slot17),198
EFEM-Robot_WaferGetError(LowerArm-Aligner1-Slot18),40123,TRUE,EFEM-Robot_WaferGetError(LowerArm-Aligner1-Slot18),199
EFEM-Robot_WaferGetError(LowerArm-Aligner1-Slot19),40124,TRUE,EFEM-Robot_WaferGetError(LowerArm-Aligner1-Slot19),200
EFEM-Robot_WaferGetError(LowerArm-Aligner1-Slot20),40125,TRUE,EFEM-Robot_WaferGetError(LowerArm-Aligner1-Slot20),201
EFEM-Robot_WaferGetError(LowerArm-Aligner1-Slot21),40126,TRUE,EFEM-Robot_WaferGetError(LowerArm-Aligner1-Slot21),202
EFEM-Robot_WaferGetError(LowerArm-Aligner1-Slot22),40127,TRUE,EFEM-Robot_WaferGetError(LowerArm-Aligner1-Slot22),203
EFEM-Robot_WaferGetError(LowerArm-Aligner1-Slot23),40128,TRUE,EFEM-Robot_WaferGetError(LowerArm-Aligner1-Slot23),204
EFEM-Robot_WaferGetError(LowerArm-Aligner1-Slot24),40129,TRUE,EFEM-Robot_WaferGetError(LowerArm-Aligner1-Slot24),205
EFEM-Robot_WaferGetError(LowerArm-Aligner1-Slot25),40130,TRUE,EFEM-Robot_WaferGetError(LowerArm-Aligner1-Slot25),206
EFEM-Robot_WaferGetError(UpperArm-Aligner1-Slot1),40131,TRUE,EFEM-Robot_WaferGetError(UpperArm-Aligner1-Slot1),207
EFEM-Robot_WaferGetError(UpperArm-Aligner1-Slot2),40132,TRUE,EFEM-Robot_WaferGetError(UpperArm-Aligner1-Slot2),208
EFEM-Robot_WaferGetError(UpperArm-Aligner1-Slot3),40133,TRUE,EFEM-Robot_WaferGetError(UpperArm-Aligner1-Slot3),209
EFEM-Robot_WaferGetError(UpperArm-Aligner1-Slot4),40134,TRUE,EFEM-Robot_WaferGetError(UpperArm-Aligner1-Slot4),210
EFEM-Robot_WaferGetError(UpperArm-Aligner1-Slot5),40135,TRUE,EFEM-Robot_WaferGetError(UpperArm-Aligner1-Slot5),211
EFEM-Robot_WaferGetError(UpperArm-Aligner1-Slot6),40136,TRUE,EFEM-Robot_WaferGetError(UpperArm-Aligner1-Slot6),212
EFEM-Robot_WaferGetError(UpperArm-Aligner1-Slot7),40137,TRUE,EFEM-Robot_WaferGetError(UpperArm-Aligner1-Slot7),213
EFEM-Robot_WaferGetError(UpperArm-Aligner1-Slot8),40138,TRUE,EFEM-Robot_WaferGetError(UpperArm-Aligner1-Slot8),214
EFEM-Robot_WaferGetError(UpperArm-Aligner1-Slot9),40139,TRUE,EFEM-Robot_WaferGetError(UpperArm-Aligner1-Slot9),215
EFEM-Robot_WaferGetError(UpperArm-Aligner1-Slot10),40140,TRUE,EFEM-Robot_WaferGetError(UpperArm-Aligner1-Slot10),216
EFEM-Robot_WaferGetError(UpperArm-Aligner1-Slot11),40141,TRUE,EFEM-Robot_WaferGetError(UpperArm-Aligner1-Slot11),217
EFEM-Robot_WaferGetError(UpperArm-Aligner1-Slot12),40142,TRUE,EFEM-Robot_WaferGetError(UpperArm-Aligner1-Slot12),218
EFEM-Robot_WaferGetError(UpperArm-Aligner1-Slot13),40143,TRUE,EFEM-Robot_WaferGetError(UpperArm-Aligner1-Slot13),219
EFEM-Robot_WaferGetError(UpperArm-Aligner1-Slot14),40144,TRUE,EFEM-Robot_WaferGetError(UpperArm-Aligner1-Slot14),220
EFEM-Robot_WaferGetError(UpperArm-Aligner1-Slot15),40145,TRUE,EFEM-Robot_WaferGetError(UpperArm-Aligner1-Slot15),221
EFEM-Robot_WaferGetError(UpperArm-Aligner1-Slot16),40146,TRUE,EFEM-Robot_WaferGetError(UpperArm-Aligner1-Slot16),222
EFEM-Robot_WaferGetError(UpperArm-Aligner1-Slot17),40147,TRUE,EFEM-Robot_WaferGetError(UpperArm-Aligner1-Slot17),223
EFEM-Robot_WaferGetError(UpperArm-Aligner1-Slot18),40148,TRUE,EFEM-Robot_WaferGetError(UpperArm-Aligner1-Slot18),224
EFEM-Robot_WaferGetError(UpperArm-Aligner1-Slot19),40149,TRUE,EFEM-Robot_WaferGetError(UpperArm-Aligner1-Slot19),225
EFEM-Robot_WaferGetError(UpperArm-Aligner1-Slot20),40150,TRUE,EFEM-Robot_WaferGetError(UpperArm-Aligner1-Slot20),226
EFEM-Robot_WaferGetError(UpperArm-Aligner1-Slot21),40151,TRUE,EFEM-Robot_WaferGetError(UpperArm-Aligner1-Slot21),227
EFEM-Robot_WaferGetError(UpperArm-Aligner1-Slot22),40152,TRUE,EFEM-Robot_WaferGetError(UpperArm-Aligner1-Slot22),228
EFEM-Robot_WaferGetError(UpperArm-Aligner1-Slot23),40153,TRUE,EFEM-Robot_WaferGetError(UpperArm-Aligner1-Slot23),229
EFEM-Robot_WaferGetError(UpperArm-Aligner1-Slot24),40154,TRUE,EFEM-Robot_WaferGetError(UpperArm-Aligner1-Slot24),230
EFEM-Robot_WaferGetError(UpperArm-Aligner1-Slot25),40155,TRUE,EFEM-Robot_WaferGetError(UpperArm-Aligner1-Slot25),231
EFEM-Robot_WaferGetError(LowerArm-Stage1-Slot1),40156,TRUE,EFEM-Robot_WaferGetError(LowerArm-Stage1-Slot1),232
EFEM-Robot_WaferGetError(LowerArm-Stage1-Slot2),40157,TRUE,EFEM-Robot_WaferGetError(LowerArm-Stage1-Slot2),233
EFEM-Robot_WaferGetError(LowerArm-Stage1-Slot3),40158,TRUE,EFEM-Robot_WaferGetError(LowerArm-Stage1-Slot3),234
EFEM-Robot_WaferGetError(LowerArm-Stage1-Slot4),40159,TRUE,EFEM-Robot_WaferGetError(LowerArm-Stage1-Slot4),235
EFEM-Robot_WaferGetError(LowerArm-Stage1-Slot5),40160,TRUE,EFEM-Robot_WaferGetError(LowerArm-Stage1-Slot5),236
EFEM-Robot_WaferGetError(LowerArm-Stage1-Slot6),40161,TRUE,EFEM-Robot_WaferGetError(LowerArm-Stage1-Slot6),237
EFEM-Robot_WaferGetError(LowerArm-Stage1-Slot7),40162,TRUE,EFEM-Robot_WaferGetError(LowerArm-Stage1-Slot7),238
EFEM-Robot_WaferGetError(LowerArm-Stage1-Slot8),40163,TRUE,EFEM-Robot_WaferGetError(LowerArm-Stage1-Slot8),239
EFEM-Robot_WaferGetError(LowerArm-Stage1-Slot9),40164,TRUE,EFEM-Robot_WaferGetError(LowerArm-Stage1-Slot9),240
EFEM-Robot_WaferGetError(LowerArm-Stage1-Slot10),40165,TRUE,EFEM-Robot_WaferGetError(LowerArm-Stage1-Slot10),241
EFEM-Robot_WaferGetError(LowerArm-Stage1-Slot11),40166,TRUE,EFEM-Robot_WaferGetError(LowerArm-Stage1-Slot11),242
EFEM-Robot_WaferGetError(LowerArm-Stage1-Slot12),40167,TRUE,EFEM-Robot_WaferGetError(LowerArm-Stage1-Slot12),243
EFEM-Robot_WaferGetError(LowerArm-Stage1-Slot13),40168,TRUE,EFEM-Robot_WaferGetError(LowerArm-Stage1-Slot13),244
EFEM-Robot_WaferGetError(LowerArm-Stage1-Slot14),40169,TRUE,EFEM-Robot_WaferGetError(LowerArm-Stage1-Slot14),245
EFEM-Robot_WaferGetError(LowerArm-Stage1-Slot15),40170,TRUE,EFEM-Robot_WaferGetError(LowerArm-Stage1-Slot15),246
EFEM-Robot_WaferGetError(LowerArm-Stage1-Slot16),40171,TRUE,EFEM-Robot_WaferGetError(LowerArm-Stage1-Slot16),247
EFEM-Robot_WaferGetError(LowerArm-Stage1-Slot17),40172,TRUE,EFEM-Robot_WaferGetError(LowerArm-Stage1-Slot17),248
EFEM-Robot_WaferGetError(LowerArm-Stage1-Slot18),40173,TRUE,EFEM-Robot_WaferGetError(LowerArm-Stage1-Slot18),249
EFEM-Robot_WaferGetError(LowerArm-Stage1-Slot19),40174,TRUE,EFEM-Robot_WaferGetError(LowerArm-Stage1-Slot19),250
EFEM-Robot_WaferGetError(LowerArm-Stage1-Slot20),40175,TRUE,EFEM-Robot_WaferGetError(LowerArm-Stage1-Slot20),251
EFEM-Robot_WaferGetError(LowerArm-Stage1-Slot21),40176,TRUE,EFEM-Robot_WaferGetError(LowerArm-Stage1-Slot21),252
EFEM-Robot_WaferGetError(LowerArm-Stage1-Slot22),40177,TRUE,EFEM-Robot_WaferGetError(LowerArm-Stage1-Slot22),253
EFEM-Robot_WaferGetError(LowerArm-Stage1-Slot23),40178,TRUE,EFEM-Robot_WaferGetError(LowerArm-Stage1-Slot23),254
EFEM-Robot_WaferGetError(LowerArm-Stage1-Slot24),40179,TRUE,EFEM-Robot_WaferGetError(LowerArm-Stage1-Slot24),255
EFEM-Robot_WaferGetError(LowerArm-Stage1-Slot25),40180,TRUE,EFEM-Robot_WaferGetError(LowerArm-Stage1-Slot25),256
EFEM-Robot_WaferGetError(UpperArm-Stage1-Slot1),40181,TRUE,EFEM-Robot_WaferGetError(UpperArm-Stage1-Slot1),257
EFEM-Robot_WaferGetError(UpperArm-Stage1-Slot2),40182,TRUE,EFEM-Robot_WaferGetError(UpperArm-Stage1-Slot2),258
EFEM-Robot_WaferGetError(UpperArm-Stage1-Slot3),40183,TRUE,EFEM-Robot_WaferGetError(UpperArm-Stage1-Slot3),259
EFEM-Robot_WaferGetError(UpperArm-Stage1-Slot4),40184,TRUE,EFEM-Robot_WaferGetError(UpperArm-Stage1-Slot4),260
EFEM-Robot_WaferGetError(UpperArm-Stage1-Slot5),40185,TRUE,EFEM-Robot_WaferGetError(UpperArm-Stage1-Slot5),261
EFEM-Robot_WaferGetError(UpperArm-Stage1-Slot6),40186,TRUE,EFEM-Robot_WaferGetError(UpperArm-Stage1-Slot6),262
EFEM-Robot_WaferGetError(UpperArm-Stage1-Slot7),40187,TRUE,EFEM-Robot_WaferGetError(UpperArm-Stage1-Slot7),263
EFEM-Robot_WaferGetError(UpperArm-Stage1-Slot8),40188,TRUE,EFEM-Robot_WaferGetError(UpperArm-Stage1-Slot8),264
EFEM-Robot_WaferGetError(UpperArm-Stage1-Slot9),40189,TRUE,EFEM-Robot_WaferGetError(UpperArm-Stage1-Slot9),265
EFEM-Robot_WaferGetError(UpperArm-Stage1-Slot10),40190,TRUE,EFEM-Robot_WaferGetError(UpperArm-Stage1-Slot10),266
EFEM-Robot_WaferGetError(UpperArm-Stage1-Slot11),40191,TRUE,EFEM-Robot_WaferGetError(UpperArm-Stage1-Slot11),267
EFEM-Robot_WaferGetError(UpperArm-Stage1-Slot12),40192,TRUE,EFEM-Robot_WaferGetError(UpperArm-Stage1-Slot12),268
EFEM-Robot_WaferGetError(UpperArm-Stage1-Slot13),40193,TRUE,EFEM-Robot_WaferGetError(UpperArm-Stage1-Slot13),269
EFEM-Robot_WaferGetError(UpperArm-Stage1-Slot14),40194,TRUE,EFEM-Robot_WaferGetError(UpperArm-Stage1-Slot14),270
EFEM-Robot_WaferGetError(UpperArm-Stage1-Slot15),40195,TRUE,EFEM-Robot_WaferGetError(UpperArm-Stage1-Slot15),271
EFEM-Robot_WaferGetError(UpperArm-Stage1-Slot16),40196,TRUE,EFEM-Robot_WaferGetError(UpperArm-Stage1-Slot16),272
EFEM-Robot_WaferGetError(UpperArm-Stage1-Slot17),40197,TRUE,EFEM-Robot_WaferGetError(UpperArm-Stage1-Slot17),273
EFEM-Robot_WaferGetError(UpperArm-Stage1-Slot18),40198,TRUE,EFEM-Robot_WaferGetError(UpperArm-Stage1-Slot18),274
EFEM-Robot_WaferGetError(UpperArm-Stage1-Slot19),40199,TRUE,EFEM-Robot_WaferGetError(UpperArm-Stage1-Slot19),275
EFEM-Robot_WaferGetError(UpperArm-Stage1-Slot20),40200,TRUE,EFEM-Robot_WaferGetError(UpperArm-Stage1-Slot20),276
EFEM-Robot_WaferGetError(UpperArm-Stage1-Slot21),40201,TRUE,EFEM-Robot_WaferGetError(UpperArm-Stage1-Slot21),277
EFEM-Robot_WaferGetError(UpperArm-Stage1-Slot22),40202,TRUE,EFEM-Robot_WaferGetError(UpperArm-Stage1-Slot22),278
EFEM-Robot_WaferGetError(UpperArm-Stage1-Slot23),40203,TRUE,EFEM-Robot_WaferGetError(UpperArm-Stage1-Slot23),279
EFEM-Robot_WaferGetError(UpperArm-Stage1-Slot24),40204,TRUE,EFEM-Robot_WaferGetError(UpperArm-Stage1-Slot24),280
EFEM-Robot_WaferGetError(UpperArm-Stage1-Slot25),40205,TRUE,EFEM-Robot_WaferGetError(UpperArm-Stage1-Slot25),281
EFEM-Robot_WaferPutError(LowerArm-P1-Slot1),40206,TRUE,EFEM-Robot_WaferPutError(LowerArm-P1-Slot1),282
EFEM-Robot_WaferPutError(LowerArm-P1-Slot2),40207,TRUE,EFEM-Robot_WaferPutError(LowerArm-P1-Slot2),283
EFEM-Robot_WaferPutError(LowerArm-P1-Slot3),40208,TRUE,EFEM-Robot_WaferPutError(LowerArm-P1-Slot3),284
EFEM-Robot_WaferPutError(LowerArm-P1-Slot4),40209,TRUE,EFEM-Robot_WaferPutError(LowerArm-P1-Slot4),285
EFEM-Robot_WaferPutError(LowerArm-P1-Slot5),40210,TRUE,EFEM-Robot_WaferPutError(LowerArm-P1-Slot5),286
EFEM-Robot_WaferPutError(LowerArm-P1-Slot6),40211,TRUE,EFEM-Robot_WaferPutError(LowerArm-P1-Slot6),287
EFEM-Robot_WaferPutError(LowerArm-P1-Slot7),40212,TRUE,EFEM-Robot_WaferPutError(LowerArm-P1-Slot7),288
EFEM-Robot_WaferPutError(LowerArm-P1-Slot8),40213,TRUE,EFEM-Robot_WaferPutError(LowerArm-P1-Slot8),289
EFEM-Robot_WaferPutError(LowerArm-P1-Slot9),40214,TRUE,EFEM-Robot_WaferPutError(LowerArm-P1-Slot9),290
EFEM-Robot_WaferPutError(LowerArm-P1-Slot10),40215,TRUE,EFEM-Robot_WaferPutError(LowerArm-P1-Slot10),291
EFEM-Robot_WaferPutError(LowerArm-P1-Slot11),40216,TRUE,EFEM-Robot_WaferPutError(LowerArm-P1-Slot11),292
EFEM-Robot_WaferPutError(LowerArm-P1-Slot12),40217,TRUE,EFEM-Robot_WaferPutError(LowerArm-P1-Slot12),293
EFEM-Robot_WaferPutError(LowerArm-P1-Slot13),40218,TRUE,EFEM-Robot_WaferPutError(LowerArm-P1-Slot13),294
EFEM-Robot_WaferPutError(LowerArm-P1-Slot14),40219,TRUE,EFEM-Robot_WaferPutError(LowerArm-P1-Slot14),295
EFEM-Robot_WaferPutError(LowerArm-P1-Slot15),40220,TRUE,EFEM-Robot_WaferPutError(LowerArm-P1-Slot15),296
EFEM-Robot_WaferPutError(LowerArm-P1-Slot16),40221,TRUE,EFEM-Robot_WaferPutError(LowerArm-P1-Slot16),297
EFEM-Robot_WaferPutError(LowerArm-P1-Slot17),40222,TRUE,EFEM-Robot_WaferPutError(LowerArm-P1-Slot17),298
EFEM-Robot_WaferPutError(LowerArm-P1-Slot18),40223,TRUE,EFEM-Robot_WaferPutError(LowerArm-P1-Slot18),299
EFEM-Robot_WaferPutError(LowerArm-P1-Slot19),40224,TRUE,EFEM-Robot_WaferPutError(LowerArm-P1-Slot19),300
EFEM-Robot_WaferPutError(LowerArm-P1-Slot20),40225,TRUE,EFEM-Robot_WaferPutError(LowerArm-P1-Slot20),301
EFEM-Robot_WaferPutError(LowerArm-P1-Slot21),40226,TRUE,EFEM-Robot_WaferPutError(LowerArm-P1-Slot21),302
EFEM-Robot_WaferPutError(LowerArm-P1-Slot22),40227,TRUE,EFEM-Robot_WaferPutError(LowerArm-P1-Slot22),303
EFEM-Robot_WaferPutError(LowerArm-P1-Slot23),40228,TRUE,EFEM-Robot_WaferPutError(LowerArm-P1-Slot23),304
EFEM-Robot_WaferPutError(LowerArm-P1-Slot24),40229,TRUE,EFEM-Robot_WaferPutError(LowerArm-P1-Slot24),305
EFEM-Robot_WaferPutError(LowerArm-P1-Slot25),40230,TRUE,EFEM-Robot_WaferPutError(LowerArm-P1-Slot25),306
EFEM-Robot_WaferPutError(UpperArm-P1-Slot1),40231,TRUE,EFEM-Robot_WaferPutError(UpperArm-P1-Slot1),307
EFEM-Robot_WaferPutError(UpperArm-P1-Slot2),40232,TRUE,EFEM-Robot_WaferPutError(UpperArm-P1-Slot2),308
EFEM-Robot_WaferPutError(UpperArm-P1-Slot3),40233,TRUE,EFEM-Robot_WaferPutError(UpperArm-P1-Slot3),309
EFEM-Robot_WaferPutError(UpperArm-P1-Slot4),40234,TRUE,EFEM-Robot_WaferPutError(UpperArm-P1-Slot4),310
EFEM-Robot_WaferPutError(UpperArm-P1-Slot5),40235,TRUE,EFEM-Robot_WaferPutError(UpperArm-P1-Slot5),311
EFEM-Robot_WaferPutError(UpperArm-P1-Slot6),40236,TRUE,EFEM-Robot_WaferPutError(UpperArm-P1-Slot6),312
EFEM-Robot_WaferPutError(UpperArm-P1-Slot7),40237,TRUE,EFEM-Robot_WaferPutError(UpperArm-P1-Slot7),313
EFEM-Robot_WaferPutError(UpperArm-P1-Slot8),40238,TRUE,EFEM-Robot_WaferPutError(UpperArm-P1-Slot8),314
EFEM-Robot_WaferPutError(UpperArm-P1-Slot9),40239,TRUE,EFEM-Robot_WaferPutError(UpperArm-P1-Slot9),315
EFEM-Robot_WaferPutError(UpperArm-P1-Slot10),40240,TRUE,EFEM-Robot_WaferPutError(UpperArm-P1-Slot10),316
EFEM-Robot_WaferPutError(UpperArm-P1-Slot11),40241,TRUE,EFEM-Robot_WaferPutError(UpperArm-P1-Slot11),317
EFEM-Robot_WaferPutError(UpperArm-P1-Slot12),40242,TRUE,EFEM-Robot_WaferPutError(UpperArm-P1-Slot12),318
EFEM-Robot_WaferPutError(UpperArm-P1-Slot13),40243,TRUE,EFEM-Robot_WaferPutError(UpperArm-P1-Slot13),319
EFEM-Robot_WaferPutError(UpperArm-P1-Slot14),40244,TRUE,EFEM-Robot_WaferPutError(UpperArm-P1-Slot14),320
EFEM-Robot_WaferPutError(UpperArm-P1-Slot15),40245,TRUE,EFEM-Robot_WaferPutError(UpperArm-P1-Slot15),321
EFEM-Robot_WaferPutError(UpperArm-P1-Slot16),40246,TRUE,EFEM-Robot_WaferPutError(UpperArm-P1-Slot16),322
EFEM-Robot_WaferPutError(UpperArm-P1-Slot17),40247,TRUE,EFEM-Robot_WaferPutError(UpperArm-P1-Slot17),323
EFEM-Robot_WaferPutError(UpperArm-P1-Slot18),40248,TRUE,EFEM-Robot_WaferPutError(UpperArm-P1-Slot18),324
EFEM-Robot_WaferPutError(UpperArm-P1-Slot19),40249,TRUE,EFEM-Robot_WaferPutError(UpperArm-P1-Slot19),325
EFEM-Robot_WaferPutError(UpperArm-P1-Slot20),40250,TRUE,EFEM-Robot_WaferPutError(UpperArm-P1-Slot20),326
EFEM-Robot_WaferPutError(UpperArm-P1-Slot21),40251,TRUE,EFEM-Robot_WaferPutError(UpperArm-P1-Slot21),327
EFEM-Robot_WaferPutError(UpperArm-P1-Slot22),40252,TRUE,EFEM-Robot_WaferPutError(UpperArm-P1-Slot22),328
EFEM-Robot_WaferPutError(UpperArm-P1-Slot23),40253,TRUE,EFEM-Robot_WaferPutError(UpperArm-P1-Slot23),329
EFEM-Robot_WaferPutError(UpperArm-P1-Slot24),40254,TRUE,EFEM-Robot_WaferPutError(UpperArm-P1-Slot24),330
EFEM-Robot_WaferPutError(UpperArm-P1-Slot25),40255,TRUE,EFEM-Robot_WaferPutError(UpperArm-P1-Slot25),331
EFEM-Robot_WaferPutError(LowerArm-P2-Slot1),40256,TRUE,EFEM-Robot_WaferPutError(LowerArm-P2-Slot1),332
EFEM-Robot_WaferPutError(LowerArm-P2-Slot2),40257,TRUE,EFEM-Robot_WaferPutError(LowerArm-P2-Slot2),333
EFEM-Robot_WaferPutError(LowerArm-P2-Slot3),40258,TRUE,EFEM-Robot_WaferPutError(LowerArm-P2-Slot3),334
EFEM-Robot_WaferPutError(LowerArm-P2-Slot4),40259,TRUE,EFEM-Robot_WaferPutError(LowerArm-P2-Slot4),335
EFEM-Robot_WaferPutError(LowerArm-P2-Slot5),40260,TRUE,EFEM-Robot_WaferPutError(LowerArm-P2-Slot5),336
EFEM-Robot_WaferPutError(LowerArm-P2-Slot6),40261,TRUE,EFEM-Robot_WaferPutError(LowerArm-P2-Slot6),337
EFEM-Robot_WaferPutError(LowerArm-P2-Slot7),40262,TRUE,EFEM-Robot_WaferPutError(LowerArm-P2-Slot7),338
EFEM-Robot_WaferPutError(LowerArm-P2-Slot8),40263,TRUE,EFEM-Robot_WaferPutError(LowerArm-P2-Slot8),339
EFEM-Robot_WaferPutError(LowerArm-P2-Slot9),40264,TRUE,EFEM-Robot_WaferPutError(LowerArm-P2-Slot9),340
EFEM-Robot_WaferPutError(LowerArm-P2-Slot10),40265,TRUE,EFEM-Robot_WaferPutError(LowerArm-P2-Slot10),341
EFEM-Robot_WaferPutError(LowerArm-P2-Slot11),40266,TRUE,EFEM-Robot_WaferPutError(LowerArm-P2-Slot11),342
EFEM-Robot_WaferPutError(LowerArm-P2-Slot12),40267,TRUE,EFEM-Robot_WaferPutError(LowerArm-P2-Slot12),343
EFEM-Robot_WaferPutError(LowerArm-P2-Slot13),40268,TRUE,EFEM-Robot_WaferPutError(LowerArm-P2-Slot13),344
EFEM-Robot_WaferPutError(LowerArm-P2-Slot14),40269,TRUE,EFEM-Robot_WaferPutError(LowerArm-P2-Slot14),345
EFEM-Robot_WaferPutError(LowerArm-P2-Slot15),40270,TRUE,EFEM-Robot_WaferPutError(LowerArm-P2-Slot15),346
EFEM-Robot_WaferPutError(LowerArm-P2-Slot16),40271,TRUE,EFEM-Robot_WaferPutError(LowerArm-P2-Slot16),347
EFEM-Robot_WaferPutError(LowerArm-P2-Slot17),40272,TRUE,EFEM-Robot_WaferPutError(LowerArm-P2-Slot17),348
EFEM-Robot_WaferPutError(LowerArm-P2-Slot18),40273,TRUE,EFEM-Robot_WaferPutError(LowerArm-P2-Slot18),349
EFEM-Robot_WaferPutError(LowerArm-P2-Slot19),40274,TRUE,EFEM-Robot_WaferPutError(LowerArm-P2-Slot19),350
EFEM-Robot_WaferPutError(LowerArm-P2-Slot20),40275,TRUE,EFEM-Robot_WaferPutError(LowerArm-P2-Slot20),351
EFEM-Robot_WaferPutError(LowerArm-P2-Slot21),40276,TRUE,EFEM-Robot_WaferPutError(LowerArm-P2-Slot21),352
EFEM-Robot_WaferPutError(LowerArm-P2-Slot22),40277,TRUE,EFEM-Robot_WaferPutError(LowerArm-P2-Slot22),353
EFEM-Robot_WaferPutError(LowerArm-P2-Slot23),40278,TRUE,EFEM-Robot_WaferPutError(LowerArm-P2-Slot23),354
EFEM-Robot_WaferPutError(LowerArm-P2-Slot24),40279,TRUE,EFEM-Robot_WaferPutError(LowerArm-P2-Slot24),355
EFEM-Robot_WaferPutError(LowerArm-P2-Slot25),40280,TRUE,EFEM-Robot_WaferPutError(LowerArm-P2-Slot25),356
EFEM-Robot_WaferPutError(UpperArm-P2-Slot1),40281,TRUE,EFEM-Robot_WaferPutError(UpperArm-P2-Slot1),357
EFEM-Robot_WaferPutError(UpperArm-P2-Slot2),40282,TRUE,EFEM-Robot_WaferPutError(UpperArm-P2-Slot2),358
EFEM-Robot_WaferPutError(UpperArm-P2-Slot3),40283,TRUE,EFEM-Robot_WaferPutError(UpperArm-P2-Slot3),359
EFEM-Robot_WaferPutError(UpperArm-P2-Slot4),40284,TRUE,EFEM-Robot_WaferPutError(UpperArm-P2-Slot4),360
EFEM-Robot_WaferPutError(UpperArm-P2-Slot5),40285,TRUE,EFEM-Robot_WaferPutError(UpperArm-P2-Slot5),361
EFEM-Robot_WaferPutError(UpperArm-P2-Slot6),40286,TRUE,EFEM-Robot_WaferPutError(UpperArm-P2-Slot6),362
EFEM-Robot_WaferPutError(UpperArm-P2-Slot7),40287,TRUE,EFEM-Robot_WaferPutError(UpperArm-P2-Slot7),363
EFEM-Robot_WaferPutError(UpperArm-P2-Slot8),40288,TRUE,EFEM-Robot_WaferPutError(UpperArm-P2-Slot8),364
EFEM-Robot_WaferPutError(UpperArm-P2-Slot9),40289,TRUE,EFEM-Robot_WaferPutError(UpperArm-P2-Slot9),365
EFEM-Robot_WaferPutError(UpperArm-P2-Slot10),40290,TRUE,EFEM-Robot_WaferPutError(UpperArm-P2-Slot10),366
EFEM-Robot_WaferPutError(UpperArm-P2-Slot11),40291,TRUE,EFEM-Robot_WaferPutError(UpperArm-P2-Slot11),367
EFEM-Robot_WaferPutError(UpperArm-P2-Slot12),40292,TRUE,EFEM-Robot_WaferPutError(UpperArm-P2-Slot12),368
EFEM-Robot_WaferPutError(UpperArm-P2-Slot13),40293,TRUE,EFEM-Robot_WaferPutError(UpperArm-P2-Slot13),369
EFEM-Robot_WaferPutError(UpperArm-P2-Slot14),40294,TRUE,EFEM-Robot_WaferPutError(UpperArm-P2-Slot14),370
EFEM-Robot_WaferPutError(UpperArm-P2-Slot15),40295,TRUE,EFEM-Robot_WaferPutError(UpperArm-P2-Slot15),371
EFEM-Robot_WaferPutError(UpperArm-P2-Slot16),40296,TRUE,EFEM-Robot_WaferPutError(UpperArm-P2-Slot16),372
EFEM-Robot_WaferPutError(UpperArm-P2-Slot17),40297,TRUE,EFEM-Robot_WaferPutError(UpperArm-P2-Slot17),373
EFEM-Robot_WaferPutError(UpperArm-P2-Slot18),40298,TRUE,EFEM-Robot_WaferPutError(UpperArm-P2-Slot18),374
EFEM-Robot_WaferPutError(UpperArm-P2-Slot19),40299,TRUE,EFEM-Robot_WaferPutError(UpperArm-P2-Slot19),375
EFEM-Robot_WaferPutError(UpperArm-P2-Slot20),40300,TRUE,EFEM-Robot_WaferPutError(UpperArm-P2-Slot20),376
EFEM-Robot_WaferPutError(UpperArm-P2-Slot21),40301,TRUE,EFEM-Robot_WaferPutError(UpperArm-P2-Slot21),377
EFEM-Robot_WaferPutError(UpperArm-P2-Slot22),40302,TRUE,EFEM-Robot_WaferPutError(UpperArm-P2-Slot22),378
EFEM-Robot_WaferPutError(UpperArm-P2-Slot23),40303,TRUE,EFEM-Robot_WaferPutError(UpperArm-P2-Slot23),379
EFEM-Robot_WaferPutError(UpperArm-P2-Slot24),40304,TRUE,EFEM-Robot_WaferPutError(UpperArm-P2-Slot24),380
EFEM-Robot_WaferPutError(UpperArm-P2-Slot25),40305,TRUE,EFEM-Robot_WaferPutError(UpperArm-P2-Slot25),381
EFEM-Robot_WaferPutError(LowerArm-Aligner1-Slot1),40306,TRUE,EFEM-Robot_WaferPutError(LowerArm-Aligner1-Slot1),382
EFEM-Robot_WaferPutError(LowerArm-Aligner1-Slot2),40307,TRUE,EFEM-Robot_WaferPutError(LowerArm-Aligner1-Slot2),383
EFEM-Robot_WaferPutError(LowerArm-Aligner1-Slot3),40308,TRUE,EFEM-Robot_WaferPutError(LowerArm-Aligner1-Slot3),384
EFEM-Robot_WaferPutError(LowerArm-Aligner1-Slot4),40309,TRUE,EFEM-Robot_WaferPutError(LowerArm-Aligner1-Slot4),385
EFEM-Robot_WaferPutError(LowerArm-Aligner1-Slot5),40310,TRUE,EFEM-Robot_WaferPutError(LowerArm-Aligner1-Slot5),386
EFEM-Robot_WaferPutError(LowerArm-Aligner1-Slot6),40311,TRUE,EFEM-Robot_WaferPutError(LowerArm-Aligner1-Slot6),387
EFEM-Robot_WaferPutError(LowerArm-Aligner1-Slot7),40312,TRUE,EFEM-Robot_WaferPutError(LowerArm-Aligner1-Slot7),388
EFEM-Robot_WaferPutError(LowerArm-Aligner1-Slot8),40313,TRUE,EFEM-Robot_WaferPutError(LowerArm-Aligner1-Slot8),389
EFEM-Robot_WaferPutError(LowerArm-Aligner1-Slot9),40314,TRUE,EFEM-Robot_WaferPutError(LowerArm-Aligner1-Slot9),390
EFEM-Robot_WaferPutError(LowerArm-Aligner1-Slot10),40315,TRUE,EFEM-Robot_WaferPutError(LowerArm-Aligner1-Slot10),391
EFEM-Robot_WaferPutError(LowerArm-Aligner1-Slot11),40316,TRUE,EFEM-Robot_WaferPutError(LowerArm-Aligner1-Slot11),392
EFEM-Robot_WaferPutError(LowerArm-Aligner1-Slot12),40317,TRUE,EFEM-Robot_WaferPutError(LowerArm-Aligner1-Slot12),393
EFEM-Robot_WaferPutError(LowerArm-Aligner1-Slot13),40318,TRUE,EFEM-Robot_WaferPutError(LowerArm-Aligner1-Slot13),394
EFEM-Robot_WaferPutError(LowerArm-Aligner1-Slot14),40319,TRUE,EFEM-Robot_WaferPutError(LowerArm-Aligner1-Slot14),395
EFEM-Robot_WaferPutError(LowerArm-Aligner1-Slot15),40320,TRUE,EFEM-Robot_WaferPutError(LowerArm-Aligner1-Slot15),396
EFEM-Robot_WaferPutError(LowerArm-Aligner1-Slot16),40321,TRUE,EFEM-Robot_WaferPutError(LowerArm-Aligner1-Slot16),397
EFEM-Robot_WaferPutError(LowerArm-Aligner1-Slot17),40322,TRUE,EFEM-Robot_WaferPutError(LowerArm-Aligner1-Slot17),398
EFEM-Robot_WaferPutError(LowerArm-Aligner1-Slot18),40323,TRUE,EFEM-Robot_WaferPutError(LowerArm-Aligner1-Slot18),399
EFEM-Robot_WaferPutError(LowerArm-Aligner1-Slot19),40324,TRUE,EFEM-Robot_WaferPutError(LowerArm-Aligner1-Slot19),400
EFEM-Robot_WaferPutError(LowerArm-Aligner1-Slot20),40325,TRUE,EFEM-Robot_WaferPutError(LowerArm-Aligner1-Slot20),401
EFEM-Robot_WaferPutError(LowerArm-Aligner1-Slot21),40326,TRUE,EFEM-Robot_WaferPutError(LowerArm-Aligner1-Slot21),402
EFEM-Robot_WaferPutError(LowerArm-Aligner1-Slot22),40327,TRUE,EFEM-Robot_WaferPutError(LowerArm-Aligner1-Slot22),403
EFEM-Robot_WaferPutError(LowerArm-Aligner1-Slot23),40328,TRUE,EFEM-Robot_WaferPutError(LowerArm-Aligner1-Slot23),404
EFEM-Robot_WaferPutError(LowerArm-Aligner1-Slot24),40329,TRUE,EFEM-Robot_WaferPutError(LowerArm-Aligner1-Slot24),405
EFEM-Robot_WaferPutError(LowerArm-Aligner1-Slot25),40330,TRUE,EFEM-Robot_WaferPutError(LowerArm-Aligner1-Slot25),406
EFEM-Robot_WaferPutError(UpperArm-Aligner1-Slot1),40331,TRUE,EFEM-Robot_WaferPutError(UpperArm-Aligner1-Slot1),407
EFEM-Robot_WaferPutError(UpperArm-Aligner1-Slot2),40332,TRUE,EFEM-Robot_WaferPutError(UpperArm-Aligner1-Slot2),408
EFEM-Robot_WaferPutError(UpperArm-Aligner1-Slot3),40333,TRUE,EFEM-Robot_WaferPutError(UpperArm-Aligner1-Slot3),409
EFEM-Robot_WaferPutError(UpperArm-Aligner1-Slot4),40334,TRUE,EFEM-Robot_WaferPutError(UpperArm-Aligner1-Slot4),410
EFEM-Robot_WaferPutError(UpperArm-Aligner1-Slot5),40335,TRUE,EFEM-Robot_WaferPutError(UpperArm-Aligner1-Slot5),411
EFEM-Robot_WaferPutError(UpperArm-Aligner1-Slot6),40336,TRUE,EFEM-Robot_WaferPutError(UpperArm-Aligner1-Slot6),412
EFEM-Robot_WaferPutError(UpperArm-Aligner1-Slot7),40337,TRUE,EFEM-Robot_WaferPutError(UpperArm-Aligner1-Slot7),413
EFEM-Robot_WaferPutError(UpperArm-Aligner1-Slot8),40338,TRUE,EFEM-Robot_WaferPutError(UpperArm-Aligner1-Slot8),414
EFEM-Robot_WaferPutError(UpperArm-Aligner1-Slot9),40339,TRUE,EFEM-Robot_WaferPutError(UpperArm-Aligner1-Slot9),415
EFEM-Robot_WaferPutError(UpperArm-Aligner1-Slot10),40340,TRUE,EFEM-Robot_WaferPutError(UpperArm-Aligner1-Slot10),416
EFEM-Robot_WaferPutError(UpperArm-Aligner1-Slot11),40341,TRUE,EFEM-Robot_WaferPutError(UpperArm-Aligner1-Slot11),417
EFEM-Robot_WaferPutError(UpperArm-Aligner1-Slot12),40342,TRUE,EFEM-Robot_WaferPutError(UpperArm-Aligner1-Slot12),418
EFEM-Robot_WaferPutError(UpperArm-Aligner1-Slot13),40343,TRUE,EFEM-Robot_WaferPutError(UpperArm-Aligner1-Slot13),419
EFEM-Robot_WaferPutError(UpperArm-Aligner1-Slot14),40344,TRUE,EFEM-Robot_WaferPutError(UpperArm-Aligner1-Slot14),420
EFEM-Robot_WaferPutError(UpperArm-Aligner1-Slot15),40345,TRUE,EFEM-Robot_WaferPutError(UpperArm-Aligner1-Slot15),421
EFEM-Robot_WaferPutError(UpperArm-Aligner1-Slot16),40346,TRUE,EFEM-Robot_WaferPutError(UpperArm-Aligner1-Slot16),422
EFEM-Robot_WaferPutError(UpperArm-Aligner1-Slot17),40347,TRUE,EFEM-Robot_WaferPutError(UpperArm-Aligner1-Slot17),423
EFEM-Robot_WaferPutError(UpperArm-Aligner1-Slot18),40348,TRUE,EFEM-Robot_WaferPutError(UpperArm-Aligner1-Slot18),424
EFEM-Robot_WaferPutError(UpperArm-Aligner1-Slot19),40349,TRUE,EFEM-Robot_WaferPutError(UpperArm-Aligner1-Slot19),425
EFEM-Robot_WaferPutError(UpperArm-Aligner1-Slot20),40350,TRUE,EFEM-Robot_WaferPutError(UpperArm-Aligner1-Slot20),426
EFEM-Robot_WaferPutError(UpperArm-Aligner1-Slot21),40351,TRUE,EFEM-Robot_WaferPutError(UpperArm-Aligner1-Slot21),427
EFEM-Robot_WaferPutError(UpperArm-Aligner1-Slot22),40352,TRUE,EFEM-Robot_WaferPutError(UpperArm-Aligner1-Slot22),428
EFEM-Robot_WaferPutError(UpperArm-Aligner1-Slot23),40353,TRUE,EFEM-Robot_WaferPutError(UpperArm-Aligner1-Slot23),429
EFEM-Robot_WaferPutError(UpperArm-Aligner1-Slot24),40354,TRUE,EFEM-Robot_WaferPutError(UpperArm-Aligner1-Slot24),430
EFEM-Robot_WaferPutError(UpperArm-Aligner1-Slot25),40355,TRUE,EFEM-Robot_WaferPutError(UpperArm-Aligner1-Slot25),431
EFEM-Robot_WaferPutError(LowerArm-Stage1-Slot1),40356,TRUE,EFEM-Robot_WaferPutError(LowerArm-Stage1-Slot1),432
EFEM-Robot_WaferPutError(LowerArm-Stage1-Slot2),40357,TRUE,EFEM-Robot_WaferPutError(LowerArm-Stage1-Slot2),433
EFEM-Robot_WaferPutError(LowerArm-Stage1-Slot3),40358,TRUE,EFEM-Robot_WaferPutError(LowerArm-Stage1-Slot3),434
EFEM-Robot_WaferPutError(LowerArm-Stage1-Slot4),40359,TRUE,EFEM-Robot_WaferPutError(LowerArm-Stage1-Slot4),435
EFEM-Robot_WaferPutError(LowerArm-Stage1-Slot5),40360,TRUE,EFEM-Robot_WaferPutError(LowerArm-Stage1-Slot5),436
EFEM-Robot_WaferPutError(LowerArm-Stage1-Slot6),40361,TRUE,EFEM-Robot_WaferPutError(LowerArm-Stage1-Slot6),437
EFEM-Robot_WaferPutError(LowerArm-Stage1-Slot7),40362,TRUE,EFEM-Robot_WaferPutError(LowerArm-Stage1-Slot7),438
EFEM-Robot_WaferPutError(LowerArm-Stage1-Slot8),40363,TRUE,EFEM-Robot_WaferPutError(LowerArm-Stage1-Slot8),439
EFEM-Robot_WaferPutError(LowerArm-Stage1-Slot9),40364,TRUE,EFEM-Robot_WaferPutError(LowerArm-Stage1-Slot9),440
EFEM-Robot_WaferPutError(LowerArm-Stage1-Slot10),40365,TRUE,EFEM-Robot_WaferPutError(LowerArm-Stage1-Slot10),441
EFEM-Robot_WaferPutError(LowerArm-Stage1-Slot11),40366,TRUE,EFEM-Robot_WaferPutError(LowerArm-Stage1-Slot11),442
EFEM-Robot_WaferPutError(LowerArm-Stage1-Slot12),40367,TRUE,EFEM-Robot_WaferPutError(LowerArm-Stage1-Slot12),443
EFEM-Robot_WaferPutError(LowerArm-Stage1-Slot13),40368,TRUE,EFEM-Robot_WaferPutError(LowerArm-Stage1-Slot13),444
EFEM-Robot_WaferPutError(LowerArm-Stage1-Slot14),40369,TRUE,EFEM-Robot_WaferPutError(LowerArm-Stage1-Slot14),445
EFEM-Robot_WaferPutError(LowerArm-Stage1-Slot15),40370,TRUE,EFEM-Robot_WaferPutError(LowerArm-Stage1-Slot15),446
EFEM-Robot_WaferPutError(LowerArm-Stage1-Slot16),40371,TRUE,EFEM-Robot_WaferPutError(LowerArm-Stage1-Slot16),447
EFEM-Robot_WaferPutError(LowerArm-Stage1-Slot17),40372,TRUE,EFEM-Robot_WaferPutError(LowerArm-Stage1-Slot17),448
EFEM-Robot_WaferPutError(LowerArm-Stage1-Slot18),40373,TRUE,EFEM-Robot_WaferPutError(LowerArm-Stage1-Slot18),449
EFEM-Robot_WaferPutError(LowerArm-Stage1-Slot19),40374,TRUE,EFEM-Robot_WaferPutError(LowerArm-Stage1-Slot19),450
EFEM-Robot_WaferPutError(LowerArm-Stage1-Slot20),40375,TRUE,EFEM-Robot_WaferPutError(LowerArm-Stage1-Slot20),451
EFEM-Robot_WaferPutError(LowerArm-Stage1-Slot21),40376,TRUE,EFEM-Robot_WaferPutError(LowerArm-Stage1-Slot21),452
EFEM-Robot_WaferPutError(LowerArm-Stage1-Slot22),40377,TRUE,EFEM-Robot_WaferPutError(LowerArm-Stage1-Slot22),453
EFEM-Robot_WaferPutError(LowerArm-Stage1-Slot23),40378,TRUE,EFEM-Robot_WaferPutError(LowerArm-Stage1-Slot23),454
EFEM-Robot_WaferPutError(LowerArm-Stage1-Slot24),40379,TRUE,EFEM-Robot_WaferPutError(LowerArm-Stage1-Slot24),455
EFEM-Robot_WaferPutError(LowerArm-Stage1-Slot25),40380,TRUE,EFEM-Robot_WaferPutError(LowerArm-Stage1-Slot25),456
EFEM-Robot_WaferPutError(UpperArm-Stage1-Slot1),40381,TRUE,EFEM-Robot_WaferPutError(UpperArm-Stage1-Slot1),457
EFEM-Robot_WaferPutError(UpperArm-Stage1-Slot2),40382,TRUE,EFEM-Robot_WaferPutError(UpperArm-Stage1-Slot2),458
EFEM-Robot_WaferPutError(UpperArm-Stage1-Slot3),40383,TRUE,EFEM-Robot_WaferPutError(UpperArm-Stage1-Slot3),459
EFEM-Robot_WaferPutError(UpperArm-Stage1-Slot4),40384,TRUE,EFEM-Robot_WaferPutError(UpperArm-Stage1-Slot4),460
EFEM-Robot_WaferPutError(UpperArm-Stage1-Slot5),40385,TRUE,EFEM-Robot_WaferPutError(UpperArm-Stage1-Slot5),461
EFEM-Robot_WaferPutError(UpperArm-Stage1-Slot6),40386,TRUE,EFEM-Robot_WaferPutError(UpperArm-Stage1-Slot6),462
EFEM-Robot_WaferPutError(UpperArm-Stage1-Slot7),40387,TRUE,EFEM-Robot_WaferPutError(UpperArm-Stage1-Slot7),463
EFEM-Robot_WaferPutError(UpperArm-Stage1-Slot8),40388,TRUE,EFEM-Robot_WaferPutError(UpperArm-Stage1-Slot8),464
EFEM-Robot_WaferPutError(UpperArm-Stage1-Slot9),40389,TRUE,EFEM-Robot_WaferPutError(UpperArm-Stage1-Slot9),465
EFEM-Robot_WaferPutError(UpperArm-Stage1-Slot10),40390,TRUE,EFEM-Robot_WaferPutError(UpperArm-Stage1-Slot10),466
EFEM-Robot_WaferPutError(UpperArm-Stage1-Slot11),40391,TRUE,EFEM-Robot_WaferPutError(UpperArm-Stage1-Slot11),467
EFEM-Robot_WaferPutError(UpperArm-Stage1-Slot12),40392,TRUE,EFEM-Robot_WaferPutError(UpperArm-Stage1-Slot12),468
EFEM-Robot_WaferPutError(UpperArm-Stage1-Slot13),40393,TRUE,EFEM-Robot_WaferPutError(UpperArm-Stage1-Slot13),469
EFEM-Robot_WaferPutError(UpperArm-Stage1-Slot14),40394,TRUE,EFEM-Robot_WaferPutError(UpperArm-Stage1-Slot14),470
EFEM-Robot_WaferPutError(UpperArm-Stage1-Slot15),40395,TRUE,EFEM-Robot_WaferPutError(UpperArm-Stage1-Slot15),471
EFEM-Robot_WaferPutError(UpperArm-Stage1-Slot16),40396,TRUE,EFEM-Robot_WaferPutError(UpperArm-Stage1-Slot16),472
EFEM-Robot_WaferPutError(UpperArm-Stage1-Slot17),40397,TRUE,EFEM-Robot_WaferPutError(UpperArm-Stage1-Slot17),473
EFEM-Robot_WaferPutError(UpperArm-Stage1-Slot18),40398,TRUE,EFEM-Robot_WaferPutError(UpperArm-Stage1-Slot18),474
EFEM-Robot_WaferPutError(UpperArm-Stage1-Slot19),40399,TRUE,EFEM-Robot_WaferPutError(UpperArm-Stage1-Slot19),475
EFEM-Robot_WaferPutError(UpperArm-Stage1-Slot20),40400,TRUE,EFEM-Robot_WaferPutError(UpperArm-Stage1-Slot20),476
EFEM-Robot_WaferPutError(UpperArm-Stage1-Slot21),40401,TRUE,EFEM-Robot_WaferPutError(UpperArm-Stage1-Slot21),477
EFEM-Robot_WaferPutError(UpperArm-Stage1-Slot22),40402,TRUE,EFEM-Robot_WaferPutError(UpperArm-Stage1-Slot22),478
EFEM-Robot_WaferPutError(UpperArm-Stage1-Slot23),40403,TRUE,EFEM-Robot_WaferPutError(UpperArm-Stage1-Slot23),479
EFEM-Robot_WaferPutError(UpperArm-Stage1-Slot24),40404,TRUE,EFEM-Robot_WaferPutError(UpperArm-Stage1-Slot24),480
EFEM-Robot_WaferPutError(UpperArm-Stage1-Slot25),40405,TRUE,EFEM-Robot_WaferPutError(UpperArm-Stage1-Slot25),481
EFEM-Robot_GetStandbyError(LowerArm-P1-Slot1),40406,TRUE,EFEM-Robot_GetStandbyError(LowerArm-P1-Slot1),482
EFEM-Robot_GetStandbyError(LowerArm-P1-Slot2),40407,TRUE,EFEM-Robot_GetStandbyError(LowerArm-P1-Slot2),483
EFEM-Robot_GetStandbyError(LowerArm-P1-Slot3),40408,TRUE,EFEM-Robot_GetStandbyError(LowerArm-P1-Slot3),484
EFEM-Robot_GetStandbyError(LowerArm-P1-Slot4),40409,TRUE,EFEM-Robot_GetStandbyError(LowerArm-P1-Slot4),485
EFEM-Robot_GetStandbyError(LowerArm-P1-Slot5),40410,TRUE,EFEM-Robot_GetStandbyError(LowerArm-P1-Slot5),486
EFEM-Robot_GetStandbyError(LowerArm-P1-Slot6),40411,TRUE,EFEM-Robot_GetStandbyError(LowerArm-P1-Slot6),487
EFEM-Robot_GetStandbyError(LowerArm-P1-Slot7),40412,TRUE,EFEM-Robot_GetStandbyError(LowerArm-P1-Slot7),488
EFEM-Robot_GetStandbyError(LowerArm-P1-Slot8),40413,TRUE,EFEM-Robot_GetStandbyError(LowerArm-P1-Slot8),489
EFEM-Robot_GetStandbyError(LowerArm-P1-Slot9),40414,TRUE,EFEM-Robot_GetStandbyError(LowerArm-P1-Slot9),490
EFEM-Robot_GetStandbyError(LowerArm-P1-Slot10),40415,TRUE,EFEM-Robot_GetStandbyError(LowerArm-P1-Slot10),491
EFEM-Robot_GetStandbyError(LowerArm-P1-Slot11),40416,TRUE,EFEM-Robot_GetStandbyError(LowerArm-P1-Slot11),492
EFEM-Robot_GetStandbyError(LowerArm-P1-Slot12),40417,TRUE,EFEM-Robot_GetStandbyError(LowerArm-P1-Slot12),493
EFEM-Robot_GetStandbyError(LowerArm-P1-Slot13),40418,TRUE,EFEM-Robot_GetStandbyError(LowerArm-P1-Slot13),494
EFEM-Robot_GetStandbyError(LowerArm-P1-Slot14),40419,TRUE,EFEM-Robot_GetStandbyError(LowerArm-P1-Slot14),495
EFEM-Robot_GetStandbyError(LowerArm-P1-Slot15),40420,TRUE,EFEM-Robot_GetStandbyError(LowerArm-P1-Slot15),496
EFEM-Robot_GetStandbyError(LowerArm-P1-Slot16),40421,TRUE,EFEM-Robot_GetStandbyError(LowerArm-P1-Slot16),497
EFEM-Robot_GetStandbyError(LowerArm-P1-Slot17),40422,TRUE,EFEM-Robot_GetStandbyError(LowerArm-P1-Slot17),498
EFEM-Robot_GetStandbyError(LowerArm-P1-Slot18),40423,TRUE,EFEM-Robot_GetStandbyError(LowerArm-P1-Slot18),499
EFEM-Robot_GetStandbyError(LowerArm-P1-Slot19),40424,TRUE,EFEM-Robot_GetStandbyError(LowerArm-P1-Slot19),500
EFEM-Robot_GetStandbyError(LowerArm-P1-Slot20),40425,TRUE,EFEM-Robot_GetStandbyError(LowerArm-P1-Slot20),501
EFEM-Robot_GetStandbyError(LowerArm-P1-Slot21),40426,TRUE,EFEM-Robot_GetStandbyError(LowerArm-P1-Slot21),502
EFEM-Robot_GetStandbyError(LowerArm-P1-Slot22),40427,TRUE,EFEM-Robot_GetStandbyError(LowerArm-P1-Slot22),503
EFEM-Robot_GetStandbyError(LowerArm-P1-Slot23),40428,TRUE,EFEM-Robot_GetStandbyError(LowerArm-P1-Slot23),504
EFEM-Robot_GetStandbyError(LowerArm-P1-Slot24),40429,TRUE,EFEM-Robot_GetStandbyError(LowerArm-P1-Slot24),505
EFEM-Robot_GetStandbyError(LowerArm-P1-Slot25),40430,TRUE,EFEM-Robot_GetStandbyError(LowerArm-P1-Slot25),506
EFEM-Robot_GetStandbyError(UpperArm-P1-Slot1),40431,TRUE,EFEM-Robot_GetStandbyError(UpperArm-P1-Slot1),507
EFEM-Robot_GetStandbyError(UpperArm-P1-Slot2),40432,TRUE,EFEM-Robot_GetStandbyError(UpperArm-P1-Slot2),508
EFEM-Robot_GetStandbyError(UpperArm-P1-Slot3),40433,TRUE,EFEM-Robot_GetStandbyError(UpperArm-P1-Slot3),509
EFEM-Robot_GetStandbyError(UpperArm-P1-Slot4),40434,TRUE,EFEM-Robot_GetStandbyError(UpperArm-P1-Slot4),510
EFEM-Robot_GetStandbyError(UpperArm-P1-Slot5),40435,TRUE,EFEM-Robot_GetStandbyError(UpperArm-P1-Slot5),511
EFEM-Robot_GetStandbyError(UpperArm-P1-Slot6),40436,TRUE,EFEM-Robot_GetStandbyError(UpperArm-P1-Slot6),512
EFEM-Robot_GetStandbyError(UpperArm-P1-Slot7),40437,TRUE,EFEM-Robot_GetStandbyError(UpperArm-P1-Slot7),513
EFEM-Robot_GetStandbyError(UpperArm-P1-Slot8),40438,TRUE,EFEM-Robot_GetStandbyError(UpperArm-P1-Slot8),514
EFEM-Robot_GetStandbyError(UpperArm-P1-Slot9),40439,TRUE,EFEM-Robot_GetStandbyError(UpperArm-P1-Slot9),515
EFEM-Robot_GetStandbyError(UpperArm-P1-Slot10),40440,TRUE,EFEM-Robot_GetStandbyError(UpperArm-P1-Slot10),516
EFEM-Robot_GetStandbyError(UpperArm-P1-Slot11),40441,TRUE,EFEM-Robot_GetStandbyError(UpperArm-P1-Slot11),517
EFEM-Robot_GetStandbyError(UpperArm-P1-Slot12),40442,TRUE,EFEM-Robot_GetStandbyError(UpperArm-P1-Slot12),518
EFEM-Robot_GetStandbyError(UpperArm-P1-Slot13),40443,TRUE,EFEM-Robot_GetStandbyError(UpperArm-P1-Slot13),519
EFEM-Robot_GetStandbyError(UpperArm-P1-Slot14),40444,TRUE,EFEM-Robot_GetStandbyError(UpperArm-P1-Slot14),520
EFEM-Robot_GetStandbyError(UpperArm-P1-Slot15),40445,TRUE,EFEM-Robot_GetStandbyError(UpperArm-P1-Slot15),521
EFEM-Robot_GetStandbyError(UpperArm-P1-Slot16),40446,TRUE,EFEM-Robot_GetStandbyError(UpperArm-P1-Slot16),522
EFEM-Robot_GetStandbyError(UpperArm-P1-Slot17),40447,TRUE,EFEM-Robot_GetStandbyError(UpperArm-P1-Slot17),523
EFEM-Robot_GetStandbyError(UpperArm-P1-Slot18),40448,TRUE,EFEM-Robot_GetStandbyError(UpperArm-P1-Slot18),524
EFEM-Robot_GetStandbyError(UpperArm-P1-Slot19),40449,TRUE,EFEM-Robot_GetStandbyError(UpperArm-P1-Slot19),525
EFEM-Robot_GetStandbyError(UpperArm-P1-Slot20),40450,TRUE,EFEM-Robot_GetStandbyError(UpperArm-P1-Slot20),526
EFEM-Robot_GetStandbyError(UpperArm-P1-Slot21),40451,TRUE,EFEM-Robot_GetStandbyError(UpperArm-P1-Slot21),527
EFEM-Robot_GetStandbyError(UpperArm-P1-Slot22),40452,TRUE,EFEM-Robot_GetStandbyError(UpperArm-P1-Slot22),528
EFEM-Robot_GetStandbyError(UpperArm-P1-Slot23),40453,TRUE,EFEM-Robot_GetStandbyError(UpperArm-P1-Slot23),529
EFEM-Robot_GetStandbyError(UpperArm-P1-Slot24),40454,TRUE,EFEM-Robot_GetStandbyError(UpperArm-P1-Slot24),530
EFEM-Robot_GetStandbyError(UpperArm-P1-Slot25),40455,TRUE,EFEM-Robot_GetStandbyError(UpperArm-P1-Slot25),531
EFEM-Robot_GetStandbyError(LowerArm-P2-Slot1),40456,TRUE,EFEM-Robot_GetStandbyError(LowerArm-P2-Slot1),532
EFEM-Robot_GetStandbyError(LowerArm-P2-Slot2),40457,TRUE,EFEM-Robot_GetStandbyError(LowerArm-P2-Slot2),533
EFEM-Robot_GetStandbyError(LowerArm-P2-Slot3),40458,TRUE,EFEM-Robot_GetStandbyError(LowerArm-P2-Slot3),534
EFEM-Robot_GetStandbyError(LowerArm-P2-Slot4),40459,TRUE,EFEM-Robot_GetStandbyError(LowerArm-P2-Slot4),535
EFEM-Robot_GetStandbyError(LowerArm-P2-Slot5),40460,TRUE,EFEM-Robot_GetStandbyError(LowerArm-P2-Slot5),536
EFEM-Robot_GetStandbyError(LowerArm-P2-Slot6),40461,TRUE,EFEM-Robot_GetStandbyError(LowerArm-P2-Slot6),537
EFEM-Robot_GetStandbyError(LowerArm-P2-Slot7),40462,TRUE,EFEM-Robot_GetStandbyError(LowerArm-P2-Slot7),538
EFEM-Robot_GetStandbyError(LowerArm-P2-Slot8),40463,TRUE,EFEM-Robot_GetStandbyError(LowerArm-P2-Slot8),539
EFEM-Robot_GetStandbyError(LowerArm-P2-Slot9),40464,TRUE,EFEM-Robot_GetStandbyError(LowerArm-P2-Slot9),540
EFEM-Robot_GetStandbyError(LowerArm-P2-Slot10),40465,TRUE,EFEM-Robot_GetStandbyError(LowerArm-P2-Slot10),541
EFEM-Robot_GetStandbyError(LowerArm-P2-Slot11),40466,TRUE,EFEM-Robot_GetStandbyError(LowerArm-P2-Slot11),542
EFEM-Robot_GetStandbyError(LowerArm-P2-Slot12),40467,TRUE,EFEM-Robot_GetStandbyError(LowerArm-P2-Slot12),543
EFEM-Robot_GetStandbyError(LowerArm-P2-Slot13),40468,TRUE,EFEM-Robot_GetStandbyError(LowerArm-P2-Slot13),544
EFEM-Robot_GetStandbyError(LowerArm-P2-Slot14),40469,TRUE,EFEM-Robot_GetStandbyError(LowerArm-P2-Slot14),545
EFEM-Robot_GetStandbyError(LowerArm-P2-Slot15),40470,TRUE,EFEM-Robot_GetStandbyError(LowerArm-P2-Slot15),546
EFEM-Robot_GetStandbyError(LowerArm-P2-Slot16),40471,TRUE,EFEM-Robot_GetStandbyError(LowerArm-P2-Slot16),547
EFEM-Robot_GetStandbyError(LowerArm-P2-Slot17),40472,TRUE,EFEM-Robot_GetStandbyError(LowerArm-P2-Slot17),548
EFEM-Robot_GetStandbyError(LowerArm-P2-Slot18),40473,TRUE,EFEM-Robot_GetStandbyError(LowerArm-P2-Slot18),549
EFEM-Robot_GetStandbyError(LowerArm-P2-Slot19),40474,TRUE,EFEM-Robot_GetStandbyError(LowerArm-P2-Slot19),550
EFEM-Robot_GetStandbyError(LowerArm-P2-Slot20),40475,TRUE,EFEM-Robot_GetStandbyError(LowerArm-P2-Slot20),551
EFEM-Robot_GetStandbyError(LowerArm-P2-Slot21),40476,TRUE,EFEM-Robot_GetStandbyError(LowerArm-P2-Slot21),552
EFEM-Robot_GetStandbyError(LowerArm-P2-Slot22),40477,TRUE,EFEM-Robot_GetStandbyError(LowerArm-P2-Slot22),553
EFEM-Robot_GetStandbyError(LowerArm-P2-Slot23),40478,TRUE,EFEM-Robot_GetStandbyError(LowerArm-P2-Slot23),554
EFEM-Robot_GetStandbyError(LowerArm-P2-Slot24),40479,TRUE,EFEM-Robot_GetStandbyError(LowerArm-P2-Slot24),555
EFEM-Robot_GetStandbyError(LowerArm-P2-Slot25),40480,TRUE,EFEM-Robot_GetStandbyError(LowerArm-P2-Slot25),556
EFEM-Robot_GetStandbyError(UpperArm-P2-Slot1),40481,TRUE,EFEM-Robot_GetStandbyError(UpperArm-P2-Slot1),557
EFEM-Robot_GetStandbyError(UpperArm-P2-Slot2),40482,TRUE,EFEM-Robot_GetStandbyError(UpperArm-P2-Slot2),558
EFEM-Robot_GetStandbyError(UpperArm-P2-Slot3),40483,TRUE,EFEM-Robot_GetStandbyError(UpperArm-P2-Slot3),559
EFEM-Robot_GetStandbyError(UpperArm-P2-Slot4),40484,TRUE,EFEM-Robot_GetStandbyError(UpperArm-P2-Slot4),560
EFEM-Robot_GetStandbyError(UpperArm-P2-Slot5),40485,TRUE,EFEM-Robot_GetStandbyError(UpperArm-P2-Slot5),561
EFEM-Robot_GetStandbyError(UpperArm-P2-Slot6),40486,TRUE,EFEM-Robot_GetStandbyError(UpperArm-P2-Slot6),562
EFEM-Robot_GetStandbyError(UpperArm-P2-Slot7),40487,TRUE,EFEM-Robot_GetStandbyError(UpperArm-P2-Slot7),563
EFEM-Robot_GetStandbyError(UpperArm-P2-Slot8),40488,TRUE,EFEM-Robot_GetStandbyError(UpperArm-P2-Slot8),564
EFEM-Robot_GetStandbyError(UpperArm-P2-Slot9),40489,TRUE,EFEM-Robot_GetStandbyError(UpperArm-P2-Slot9),565
EFEM-Robot_GetStandbyError(UpperArm-P2-Slot10),40490,TRUE,EFEM-Robot_GetStandbyError(UpperArm-P2-Slot10),566
EFEM-Robot_GetStandbyError(UpperArm-P2-Slot11),40491,TRUE,EFEM-Robot_GetStandbyError(UpperArm-P2-Slot11),567
EFEM-Robot_GetStandbyError(UpperArm-P2-Slot12),40492,TRUE,EFEM-Robot_GetStandbyError(UpperArm-P2-Slot12),568
EFEM-Robot_GetStandbyError(UpperArm-P2-Slot13),40493,TRUE,EFEM-Robot_GetStandbyError(UpperArm-P2-Slot13),569
EFEM-Robot_GetStandbyError(UpperArm-P2-Slot14),40494,TRUE,EFEM-Robot_GetStandbyError(UpperArm-P2-Slot14),570
EFEM-Robot_GetStandbyError(UpperArm-P2-Slot15),40495,TRUE,EFEM-Robot_GetStandbyError(UpperArm-P2-Slot15),571
EFEM-Robot_GetStandbyError(UpperArm-P2-Slot16),40496,TRUE,EFEM-Robot_GetStandbyError(UpperArm-P2-Slot16),572
EFEM-Robot_GetStandbyError(UpperArm-P2-Slot17),40497,TRUE,EFEM-Robot_GetStandbyError(UpperArm-P2-Slot17),573
EFEM-Robot_GetStandbyError(UpperArm-P2-Slot18),40498,TRUE,EFEM-Robot_GetStandbyError(UpperArm-P2-Slot18),574
EFEM-Robot_GetStandbyError(UpperArm-P2-Slot19),40499,TRUE,EFEM-Robot_GetStandbyError(UpperArm-P2-Slot19),575
EFEM-Robot_GetStandbyError(UpperArm-P2-Slot20),40500,TRUE,EFEM-Robot_GetStandbyError(UpperArm-P2-Slot20),576
EFEM-Robot_GetStandbyError(UpperArm-P2-Slot21),40501,TRUE,EFEM-Robot_GetStandbyError(UpperArm-P2-Slot21),577
EFEM-Robot_GetStandbyError(UpperArm-P2-Slot22),40502,TRUE,EFEM-Robot_GetStandbyError(UpperArm-P2-Slot22),578
EFEM-Robot_GetStandbyError(UpperArm-P2-Slot23),40503,TRUE,EFEM-Robot_GetStandbyError(UpperArm-P2-Slot23),579
EFEM-Robot_GetStandbyError(UpperArm-P2-Slot24),40504,TRUE,EFEM-Robot_GetStandbyError(UpperArm-P2-Slot24),580
EFEM-Robot_GetStandbyError(UpperArm-P2-Slot25),40505,TRUE,EFEM-Robot_GetStandbyError(UpperArm-P2-Slot25),581
EFEM-Robot_GetStandbyError(LowerArm-Aligner1-Slot1),40506,TRUE,EFEM-Robot_GetStandbyError(LowerArm-Aligner1-Slot1),582
EFEM-Robot_GetStandbyError(LowerArm-Aligner1-Slot2),40507,TRUE,EFEM-Robot_GetStandbyError(LowerArm-Aligner1-Slot2),583
EFEM-Robot_GetStandbyError(LowerArm-Aligner1-Slot3),40508,TRUE,EFEM-Robot_GetStandbyError(LowerArm-Aligner1-Slot3),584
EFEM-Robot_GetStandbyError(LowerArm-Aligner1-Slot4),40509,TRUE,EFEM-Robot_GetStandbyError(LowerArm-Aligner1-Slot4),585
EFEM-Robot_GetStandbyError(LowerArm-Aligner1-Slot5),40510,TRUE,EFEM-Robot_GetStandbyError(LowerArm-Aligner1-Slot5),586
EFEM-Robot_GetStandbyError(LowerArm-Aligner1-Slot6),40511,TRUE,EFEM-Robot_GetStandbyError(LowerArm-Aligner1-Slot6),587
EFEM-Robot_GetStandbyError(LowerArm-Aligner1-Slot7),40512,TRUE,EFEM-Robot_GetStandbyError(LowerArm-Aligner1-Slot7),588
EFEM-Robot_GetStandbyError(LowerArm-Aligner1-Slot8),40513,TRUE,EFEM-Robot_GetStandbyError(LowerArm-Aligner1-Slot8),589
EFEM-Robot_GetStandbyError(LowerArm-Aligner1-Slot9),40514,TRUE,EFEM-Robot_GetStandbyError(LowerArm-Aligner1-Slot9),590
EFEM-Robot_GetStandbyError(LowerArm-Aligner1-Slot10),40515,TRUE,EFEM-Robot_GetStandbyError(LowerArm-Aligner1-Slot10),591
EFEM-Robot_GetStandbyError(LowerArm-Aligner1-Slot11),40516,TRUE,EFEM-Robot_GetStandbyError(LowerArm-Aligner1-Slot11),592
EFEM-Robot_GetStandbyError(LowerArm-Aligner1-Slot12),40517,TRUE,EFEM-Robot_GetStandbyError(LowerArm-Aligner1-Slot12),593
EFEM-Robot_GetStandbyError(LowerArm-Aligner1-Slot13),40518,TRUE,EFEM-Robot_GetStandbyError(LowerArm-Aligner1-Slot13),594
EFEM-Robot_GetStandbyError(LowerArm-Aligner1-Slot14),40519,TRUE,EFEM-Robot_GetStandbyError(LowerArm-Aligner1-Slot14),595
EFEM-Robot_GetStandbyError(LowerArm-Aligner1-Slot15),40520,TRUE,EFEM-Robot_GetStandbyError(LowerArm-Aligner1-Slot15),596
EFEM-Robot_GetStandbyError(LowerArm-Aligner1-Slot16),40521,TRUE,EFEM-Robot_GetStandbyError(LowerArm-Aligner1-Slot16),597
EFEM-Robot_GetStandbyError(LowerArm-Aligner1-Slot17),40522,TRUE,EFEM-Robot_GetStandbyError(LowerArm-Aligner1-Slot17),598
EFEM-Robot_GetStandbyError(LowerArm-Aligner1-Slot18),40523,TRUE,EFEM-Robot_GetStandbyError(LowerArm-Aligner1-Slot18),599
EFEM-Robot_GetStandbyError(LowerArm-Aligner1-Slot19),40524,TRUE,EFEM-Robot_GetStandbyError(LowerArm-Aligner1-Slot19),600
EFEM-Robot_GetStandbyError(LowerArm-Aligner1-Slot20),40525,TRUE,EFEM-Robot_GetStandbyError(LowerArm-Aligner1-Slot20),601
EFEM-Robot_GetStandbyError(LowerArm-Aligner1-Slot21),40526,TRUE,EFEM-Robot_GetStandbyError(LowerArm-Aligner1-Slot21),602
EFEM-Robot_GetStandbyError(LowerArm-Aligner1-Slot22),40527,TRUE,EFEM-Robot_GetStandbyError(LowerArm-Aligner1-Slot22),603
EFEM-Robot_GetStandbyError(LowerArm-Aligner1-Slot23),40528,TRUE,EFEM-Robot_GetStandbyError(LowerArm-Aligner1-Slot23),604
EFEM-Robot_GetStandbyError(LowerArm-Aligner1-Slot24),40529,TRUE,EFEM-Robot_GetStandbyError(LowerArm-Aligner1-Slot24),605
EFEM-Robot_GetStandbyError(LowerArm-Aligner1-Slot25),40530,TRUE,EFEM-Robot_GetStandbyError(LowerArm-Aligner1-Slot25),606
EFEM-Robot_GetStandbyError(UpperArm-Aligner1-Slot1),40531,TRUE,EFEM-Robot_GetStandbyError(UpperArm-Aligner1-Slot1),607
EFEM-Robot_GetStandbyError(UpperArm-Aligner1-Slot2),40532,TRUE,EFEM-Robot_GetStandbyError(UpperArm-Aligner1-Slot2),608
EFEM-Robot_GetStandbyError(UpperArm-Aligner1-Slot3),40533,TRUE,EFEM-Robot_GetStandbyError(UpperArm-Aligner1-Slot3),609
EFEM-Robot_GetStandbyError(UpperArm-Aligner1-Slot4),40534,TRUE,EFEM-Robot_GetStandbyError(UpperArm-Aligner1-Slot4),610
EFEM-Robot_GetStandbyError(UpperArm-Aligner1-Slot5),40535,TRUE,EFEM-Robot_GetStandbyError(UpperArm-Aligner1-Slot5),611
EFEM-Robot_GetStandbyError(UpperArm-Aligner1-Slot6),40536,TRUE,EFEM-Robot_GetStandbyError(UpperArm-Aligner1-Slot6),612
EFEM-Robot_GetStandbyError(UpperArm-Aligner1-Slot7),40537,TRUE,EFEM-Robot_GetStandbyError(UpperArm-Aligner1-Slot7),613
EFEM-Robot_GetStandbyError(UpperArm-Aligner1-Slot8),40538,TRUE,EFEM-Robot_GetStandbyError(UpperArm-Aligner1-Slot8),614
EFEM-Robot_GetStandbyError(UpperArm-Aligner1-Slot9),40539,TRUE,EFEM-Robot_GetStandbyError(UpperArm-Aligner1-Slot9),615
EFEM-Robot_GetStandbyError(UpperArm-Aligner1-Slot10),40540,TRUE,EFEM-Robot_GetStandbyError(UpperArm-Aligner1-Slot10),616
EFEM-Robot_GetStandbyError(UpperArm-Aligner1-Slot11),40541,TRUE,EFEM-Robot_GetStandbyError(UpperArm-Aligner1-Slot11),617
EFEM-Robot_GetStandbyError(UpperArm-Aligner1-Slot12),40542,TRUE,EFEM-Robot_GetStandbyError(UpperArm-Aligner1-Slot12),618
EFEM-Robot_GetStandbyError(UpperArm-Aligner1-Slot13),40543,TRUE,EFEM-Robot_GetStandbyError(UpperArm-Aligner1-Slot13),619
EFEM-Robot_GetStandbyError(UpperArm-Aligner1-Slot14),40544,TRUE,EFEM-Robot_GetStandbyError(UpperArm-Aligner1-Slot14),620
EFEM-Robot_GetStandbyError(UpperArm-Aligner1-Slot15),40545,TRUE,EFEM-Robot_GetStandbyError(UpperArm-Aligner1-Slot15),621
EFEM-Robot_GetStandbyError(UpperArm-Aligner1-Slot16),40546,TRUE,EFEM-Robot_GetStandbyError(UpperArm-Aligner1-Slot16),622
EFEM-Robot_GetStandbyError(UpperArm-Aligner1-Slot17),40547,TRUE,EFEM-Robot_GetStandbyError(UpperArm-Aligner1-Slot17),623
EFEM-Robot_GetStandbyError(UpperArm-Aligner1-Slot18),40548,TRUE,EFEM-Robot_GetStandbyError(UpperArm-Aligner1-Slot18),624
EFEM-Robot_GetStandbyError(UpperArm-Aligner1-Slot19),40549,TRUE,EFEM-Robot_GetStandbyError(UpperArm-Aligner1-Slot19),625
EFEM-Robot_GetStandbyError(UpperArm-Aligner1-Slot20),40550,TRUE,EFEM-Robot_GetStandbyError(UpperArm-Aligner1-Slot20),626
EFEM-Robot_GetStandbyError(UpperArm-Aligner1-Slot21),40551,TRUE,EFEM-Robot_GetStandbyError(UpperArm-Aligner1-Slot21),627
EFEM-Robot_GetStandbyError(UpperArm-Aligner1-Slot22),40552,TRUE,EFEM-Robot_GetStandbyError(UpperArm-Aligner1-Slot22),628
EFEM-Robot_GetStandbyError(UpperArm-Aligner1-Slot23),40553,TRUE,EFEM-Robot_GetStandbyError(UpperArm-Aligner1-Slot23),629
EFEM-Robot_GetStandbyError(UpperArm-Aligner1-Slot24),40554,TRUE,EFEM-Robot_GetStandbyError(UpperArm-Aligner1-Slot24),630
EFEM-Robot_GetStandbyError(UpperArm-Aligner1-Slot25),40555,TRUE,EFEM-Robot_GetStandbyError(UpperArm-Aligner1-Slot25),631
EFEM-Robot_GetStandbyError(LowerArm-Stage1-Slot1),40556,TRUE,EFEM-Robot_GetStandbyError(LowerArm-Stage1-Slot1),632
EFEM-Robot_GetStandbyError(LowerArm-Stage1-Slot2),40557,TRUE,EFEM-Robot_GetStandbyError(LowerArm-Stage1-Slot2),633
EFEM-Robot_GetStandbyError(LowerArm-Stage1-Slot3),40558,TRUE,EFEM-Robot_GetStandbyError(LowerArm-Stage1-Slot3),634
EFEM-Robot_GetStandbyError(LowerArm-Stage1-Slot4),40559,TRUE,EFEM-Robot_GetStandbyError(LowerArm-Stage1-Slot4),635
EFEM-Robot_GetStandbyError(LowerArm-Stage1-Slot5),40560,TRUE,EFEM-Robot_GetStandbyError(LowerArm-Stage1-Slot5),636
EFEM-Robot_GetStandbyError(LowerArm-Stage1-Slot6),40561,TRUE,EFEM-Robot_GetStandbyError(LowerArm-Stage1-Slot6),637
EFEM-Robot_GetStandbyError(LowerArm-Stage1-Slot7),40562,TRUE,EFEM-Robot_GetStandbyError(LowerArm-Stage1-Slot7),638
EFEM-Robot_GetStandbyError(LowerArm-Stage1-Slot8),40563,TRUE,EFEM-Robot_GetStandbyError(LowerArm-Stage1-Slot8),639
EFEM-Robot_GetStandbyError(LowerArm-Stage1-Slot9),40564,TRUE,EFEM-Robot_GetStandbyError(LowerArm-Stage1-Slot9),640
EFEM-Robot_GetStandbyError(LowerArm-Stage1-Slot10),40565,TRUE,EFEM-Robot_GetStandbyError(LowerArm-Stage1-Slot10),641
EFEM-Robot_GetStandbyError(LowerArm-Stage1-Slot11),40566,TRUE,EFEM-Robot_GetStandbyError(LowerArm-Stage1-Slot11),642
EFEM-Robot_GetStandbyError(LowerArm-Stage1-Slot12),40567,TRUE,EFEM-Robot_GetStandbyError(LowerArm-Stage1-Slot12),643
EFEM-Robot_GetStandbyError(LowerArm-Stage1-Slot13),40568,TRUE,EFEM-Robot_GetStandbyError(LowerArm-Stage1-Slot13),644
EFEM-Robot_GetStandbyError(LowerArm-Stage1-Slot14),40569,TRUE,EFEM-Robot_GetStandbyError(LowerArm-Stage1-Slot14),645
EFEM-Robot_GetStandbyError(LowerArm-Stage1-Slot15),40570,TRUE,EFEM-Robot_GetStandbyError(LowerArm-Stage1-Slot15),646
EFEM-Robot_GetStandbyError(LowerArm-Stage1-Slot16),40571,TRUE,EFEM-Robot_GetStandbyError(LowerArm-Stage1-Slot16),647
EFEM-Robot_GetStandbyError(LowerArm-Stage1-Slot17),40572,TRUE,EFEM-Robot_GetStandbyError(LowerArm-Stage1-Slot17),648
EFEM-Robot_GetStandbyError(LowerArm-Stage1-Slot18),40573,TRUE,EFEM-Robot_GetStandbyError(LowerArm-Stage1-Slot18),649
EFEM-Robot_GetStandbyError(LowerArm-Stage1-Slot19),40574,TRUE,EFEM-Robot_GetStandbyError(LowerArm-Stage1-Slot19),650
EFEM-Robot_GetStandbyError(LowerArm-Stage1-Slot20),40575,TRUE,EFEM-Robot_GetStandbyError(LowerArm-Stage1-Slot20),651
EFEM-Robot_GetStandbyError(LowerArm-Stage1-Slot21),40576,TRUE,EFEM-Robot_GetStandbyError(LowerArm-Stage1-Slot21),652
EFEM-Robot_GetStandbyError(LowerArm-Stage1-Slot22),40577,TRUE,EFEM-Robot_GetStandbyError(LowerArm-Stage1-Slot22),653
EFEM-Robot_GetStandbyError(LowerArm-Stage1-Slot23),40578,TRUE,EFEM-Robot_GetStandbyError(LowerArm-Stage1-Slot23),654
EFEM-Robot_GetStandbyError(LowerArm-Stage1-Slot24),40579,TRUE,EFEM-Robot_GetStandbyError(LowerArm-Stage1-Slot24),655
EFEM-Robot_GetStandbyError(LowerArm-Stage1-Slot25),40580,TRUE,EFEM-Robot_GetStandbyError(LowerArm-Stage1-Slot25),656
EFEM-Robot_GetStandbyError(UpperArm-Stage1-Slot1),40581,TRUE,EFEM-Robot_GetStandbyError(UpperArm-Stage1-Slot1),657
EFEM-Robot_GetStandbyError(UpperArm-Stage1-Slot2),40582,TRUE,EFEM-Robot_GetStandbyError(UpperArm-Stage1-Slot2),658
EFEM-Robot_GetStandbyError(UpperArm-Stage1-Slot3),40583,TRUE,EFEM-Robot_GetStandbyError(UpperArm-Stage1-Slot3),659
EFEM-Robot_GetStandbyError(UpperArm-Stage1-Slot4),40584,TRUE,EFEM-Robot_GetStandbyError(UpperArm-Stage1-Slot4),660
EFEM-Robot_GetStandbyError(UpperArm-Stage1-Slot5),40585,TRUE,EFEM-Robot_GetStandbyError(UpperArm-Stage1-Slot5),661
EFEM-Robot_GetStandbyError(UpperArm-Stage1-Slot6),40586,TRUE,EFEM-Robot_GetStandbyError(UpperArm-Stage1-Slot6),662
EFEM-Robot_GetStandbyError(UpperArm-Stage1-Slot7),40587,TRUE,EFEM-Robot_GetStandbyError(UpperArm-Stage1-Slot7),663
EFEM-Robot_GetStandbyError(UpperArm-Stage1-Slot8),40588,TRUE,EFEM-Robot_GetStandbyError(UpperArm-Stage1-Slot8),664
EFEM-Robot_GetStandbyError(UpperArm-Stage1-Slot9),40589,TRUE,EFEM-Robot_GetStandbyError(UpperArm-Stage1-Slot9),665
EFEM-Robot_GetStandbyError(UpperArm-Stage1-Slot10),40590,TRUE,EFEM-Robot_GetStandbyError(UpperArm-Stage1-Slot10),666
EFEM-Robot_GetStandbyError(UpperArm-Stage1-Slot11),40591,TRUE,EFEM-Robot_GetStandbyError(UpperArm-Stage1-Slot11),667
EFEM-Robot_GetStandbyError(UpperArm-Stage1-Slot12),40592,TRUE,EFEM-Robot_GetStandbyError(UpperArm-Stage1-Slot12),668
EFEM-Robot_GetStandbyError(UpperArm-Stage1-Slot13),40593,TRUE,EFEM-Robot_GetStandbyError(UpperArm-Stage1-Slot13),669
EFEM-Robot_GetStandbyError(UpperArm-Stage1-Slot14),40594,TRUE,EFEM-Robot_GetStandbyError(UpperArm-Stage1-Slot14),670
EFEM-Robot_GetStandbyError(UpperArm-Stage1-Slot15),40595,TRUE,EFEM-Robot_GetStandbyError(UpperArm-Stage1-Slot15),671
EFEM-Robot_GetStandbyError(UpperArm-Stage1-Slot16),40596,TRUE,EFEM-Robot_GetStandbyError(UpperArm-Stage1-Slot16),672
EFEM-Robot_GetStandbyError(UpperArm-Stage1-Slot17),40597,TRUE,EFEM-Robot_GetStandbyError(UpperArm-Stage1-Slot17),673
EFEM-Robot_GetStandbyError(UpperArm-Stage1-Slot18),40598,TRUE,EFEM-Robot_GetStandbyError(UpperArm-Stage1-Slot18),674
EFEM-Robot_GetStandbyError(UpperArm-Stage1-Slot19),40599,TRUE,EFEM-Robot_GetStandbyError(UpperArm-Stage1-Slot19),675
EFEM-Robot_GetStandbyError(UpperArm-Stage1-Slot20),40600,TRUE,EFEM-Robot_GetStandbyError(UpperArm-Stage1-Slot20),676
EFEM-Robot_GetStandbyError(UpperArm-Stage1-Slot21),40601,TRUE,EFEM-Robot_GetStandbyError(UpperArm-Stage1-Slot21),677
EFEM-Robot_GetStandbyError(UpperArm-Stage1-Slot22),40602,TRUE,EFEM-Robot_GetStandbyError(UpperArm-Stage1-Slot22),678
EFEM-Robot_GetStandbyError(UpperArm-Stage1-Slot23),40603,TRUE,EFEM-Robot_GetStandbyError(UpperArm-Stage1-Slot23),679
EFEM-Robot_GetStandbyError(UpperArm-Stage1-Slot24),40604,TRUE,EFEM-Robot_GetStandbyError(UpperArm-Stage1-Slot24),680
EFEM-Robot_GetStandbyError(UpperArm-Stage1-Slot25),40605,TRUE,EFEM-Robot_GetStandbyError(UpperArm-Stage1-Slot25),681
EFEM-Robot_PutStandbyError(LowerArm-P1-Slot1),40606,TRUE,EFEM-Robot_PutStandbyError(LowerArm-P1-Slot1),682
EFEM-Robot_PutStandbyError(LowerArm-P1-Slot2),40607,TRUE,EFEM-Robot_PutStandbyError(LowerArm-P1-Slot2),683
EFEM-Robot_PutStandbyError(LowerArm-P1-Slot3),40608,TRUE,EFEM-Robot_PutStandbyError(LowerArm-P1-Slot3),684
EFEM-Robot_PutStandbyError(LowerArm-P1-Slot4),40609,TRUE,EFEM-Robot_PutStandbyError(LowerArm-P1-Slot4),685
EFEM-Robot_PutStandbyError(LowerArm-P1-Slot5),40610,TRUE,EFEM-Robot_PutStandbyError(LowerArm-P1-Slot5),686
EFEM-Robot_PutStandbyError(LowerArm-P1-Slot6),40611,TRUE,EFEM-Robot_PutStandbyError(LowerArm-P1-Slot6),687
EFEM-Robot_PutStandbyError(LowerArm-P1-Slot7),40612,TRUE,EFEM-Robot_PutStandbyError(LowerArm-P1-Slot7),688
EFEM-Robot_PutStandbyError(LowerArm-P1-Slot8),40613,TRUE,EFEM-Robot_PutStandbyError(LowerArm-P1-Slot8),689
EFEM-Robot_PutStandbyError(LowerArm-P1-Slot9),40614,TRUE,EFEM-Robot_PutStandbyError(LowerArm-P1-Slot9),690
EFEM-Robot_PutStandbyError(LowerArm-P1-Slot10),40615,TRUE,EFEM-Robot_PutStandbyError(LowerArm-P1-Slot10),691
EFEM-Robot_PutStandbyError(LowerArm-P1-Slot11),40616,TRUE,EFEM-Robot_PutStandbyError(LowerArm-P1-Slot11),692
EFEM-Robot_PutStandbyError(LowerArm-P1-Slot12),40617,TRUE,EFEM-Robot_PutStandbyError(LowerArm-P1-Slot12),693
EFEM-Robot_PutStandbyError(LowerArm-P1-Slot13),40618,TRUE,EFEM-Robot_PutStandbyError(LowerArm-P1-Slot13),694
EFEM-Robot_PutStandbyError(LowerArm-P1-Slot14),40619,TRUE,EFEM-Robot_PutStandbyError(LowerArm-P1-Slot14),695
EFEM-Robot_PutStandbyError(LowerArm-P1-Slot15),40620,TRUE,EFEM-Robot_PutStandbyError(LowerArm-P1-Slot15),696
EFEM-Robot_PutStandbyError(LowerArm-P1-Slot16),40621,TRUE,EFEM-Robot_PutStandbyError(LowerArm-P1-Slot16),697
EFEM-Robot_PutStandbyError(LowerArm-P1-Slot17),40622,TRUE,EFEM-Robot_PutStandbyError(LowerArm-P1-Slot17),698
EFEM-Robot_PutStandbyError(LowerArm-P1-Slot18),40623,TRUE,EFEM-Robot_PutStandbyError(LowerArm-P1-Slot18),699
EFEM-Robot_PutStandbyError(LowerArm-P1-Slot19),40624,TRUE,EFEM-Robot_PutStandbyError(LowerArm-P1-Slot19),700
EFEM-Robot_PutStandbyError(LowerArm-P1-Slot20),40625,TRUE,EFEM-Robot_PutStandbyError(LowerArm-P1-Slot20),701
EFEM-Robot_PutStandbyError(LowerArm-P1-Slot21),40626,TRUE,EFEM-Robot_PutStandbyError(LowerArm-P1-Slot21),702
EFEM-Robot_PutStandbyError(LowerArm-P1-Slot22),40627,TRUE,EFEM-Robot_PutStandbyError(LowerArm-P1-Slot22),703
EFEM-Robot_PutStandbyError(LowerArm-P1-Slot23),40628,TRUE,EFEM-Robot_PutStandbyError(LowerArm-P1-Slot23),704
EFEM-Robot_PutStandbyError(LowerArm-P1-Slot24),40629,TRUE,EFEM-Robot_PutStandbyError(LowerArm-P1-Slot24),705
EFEM-Robot_PutStandbyError(LowerArm-P1-Slot25),40630,TRUE,EFEM-Robot_PutStandbyError(LowerArm-P1-Slot25),706
EFEM-Robot_PutStandbyError(UpperArm-P1-Slot1),40631,TRUE,EFEM-Robot_PutStandbyError(UpperArm-P1-Slot1),707
EFEM-Robot_PutStandbyError(UpperArm-P1-Slot2),40632,TRUE,EFEM-Robot_PutStandbyError(UpperArm-P1-Slot2),708
EFEM-Robot_PutStandbyError(UpperArm-P1-Slot3),40633,TRUE,EFEM-Robot_PutStandbyError(UpperArm-P1-Slot3),709
EFEM-Robot_PutStandbyError(UpperArm-P1-Slot4),40634,TRUE,EFEM-Robot_PutStandbyError(UpperArm-P1-Slot4),710
EFEM-Robot_PutStandbyError(UpperArm-P1-Slot5),40635,TRUE,EFEM-Robot_PutStandbyError(UpperArm-P1-Slot5),711
EFEM-Robot_PutStandbyError(UpperArm-P1-Slot6),40636,TRUE,EFEM-Robot_PutStandbyError(UpperArm-P1-Slot6),712
EFEM-Robot_PutStandbyError(UpperArm-P1-Slot7),40637,TRUE,EFEM-Robot_PutStandbyError(UpperArm-P1-Slot7),713
EFEM-Robot_PutStandbyError(UpperArm-P1-Slot8),40638,TRUE,EFEM-Robot_PutStandbyError(UpperArm-P1-Slot8),714
EFEM-Robot_PutStandbyError(UpperArm-P1-Slot9),40639,TRUE,EFEM-Robot_PutStandbyError(UpperArm-P1-Slot9),715
EFEM-Robot_PutStandbyError(UpperArm-P1-Slot10),40640,TRUE,EFEM-Robot_PutStandbyError(UpperArm-P1-Slot10),716
EFEM-Robot_PutStandbyError(UpperArm-P1-Slot11),40641,TRUE,EFEM-Robot_PutStandbyError(UpperArm-P1-Slot11),717
EFEM-Robot_PutStandbyError(UpperArm-P1-Slot12),40642,TRUE,EFEM-Robot_PutStandbyError(UpperArm-P1-Slot12),718
EFEM-Robot_PutStandbyError(UpperArm-P1-Slot13),40643,TRUE,EFEM-Robot_PutStandbyError(UpperArm-P1-Slot13),719
EFEM-Robot_PutStandbyError(UpperArm-P1-Slot14),40644,TRUE,EFEM-Robot_PutStandbyError(UpperArm-P1-Slot14),720
EFEM-Robot_PutStandbyError(UpperArm-P1-Slot15),40645,TRUE,EFEM-Robot_PutStandbyError(UpperArm-P1-Slot15),721
EFEM-Robot_PutStandbyError(UpperArm-P1-Slot16),40646,TRUE,EFEM-Robot_PutStandbyError(UpperArm-P1-Slot16),722
EFEM-Robot_PutStandbyError(UpperArm-P1-Slot17),40647,TRUE,EFEM-Robot_PutStandbyError(UpperArm-P1-Slot17),723
EFEM-Robot_PutStandbyError(UpperArm-P1-Slot18),40648,TRUE,EFEM-Robot_PutStandbyError(UpperArm-P1-Slot18),724
EFEM-Robot_PutStandbyError(UpperArm-P1-Slot19),40649,TRUE,EFEM-Robot_PutStandbyError(UpperArm-P1-Slot19),725
EFEM-Robot_PutStandbyError(UpperArm-P1-Slot20),40650,TRUE,EFEM-Robot_PutStandbyError(UpperArm-P1-Slot20),726
EFEM-Robot_PutStandbyError(UpperArm-P1-Slot21),40651,TRUE,EFEM-Robot_PutStandbyError(UpperArm-P1-Slot21),727
EFEM-Robot_PutStandbyError(UpperArm-P1-Slot22),40652,TRUE,EFEM-Robot_PutStandbyError(UpperArm-P1-Slot22),728
EFEM-Robot_PutStandbyError(UpperArm-P1-Slot23),40653,TRUE,EFEM-Robot_PutStandbyError(UpperArm-P1-Slot23),729
EFEM-Robot_PutStandbyError(UpperArm-P1-Slot24),40654,TRUE,EFEM-Robot_PutStandbyError(UpperArm-P1-Slot24),730
EFEM-Robot_PutStandbyError(UpperArm-P1-Slot25),40655,TRUE,EFEM-Robot_PutStandbyError(UpperArm-P1-Slot25),731
EFEM-Robot_PutStandbyError(LowerArm-P2-Slot1),40656,TRUE,EFEM-Robot_PutStandbyError(LowerArm-P2-Slot1),732
EFEM-Robot_PutStandbyError(LowerArm-P2-Slot2),40657,TRUE,EFEM-Robot_PutStandbyError(LowerArm-P2-Slot2),733
EFEM-Robot_PutStandbyError(LowerArm-P2-Slot3),40658,TRUE,EFEM-Robot_PutStandbyError(LowerArm-P2-Slot3),734
EFEM-Robot_PutStandbyError(LowerArm-P2-Slot4),40659,TRUE,EFEM-Robot_PutStandbyError(LowerArm-P2-Slot4),735
EFEM-Robot_PutStandbyError(LowerArm-P2-Slot5),40660,TRUE,EFEM-Robot_PutStandbyError(LowerArm-P2-Slot5),736
EFEM-Robot_PutStandbyError(LowerArm-P2-Slot6),40661,TRUE,EFEM-Robot_PutStandbyError(LowerArm-P2-Slot6),737
EFEM-Robot_PutStandbyError(LowerArm-P2-Slot7),40662,TRUE,EFEM-Robot_PutStandbyError(LowerArm-P2-Slot7),738
EFEM-Robot_PutStandbyError(LowerArm-P2-Slot8),40663,TRUE,EFEM-Robot_PutStandbyError(LowerArm-P2-Slot8),739
EFEM-Robot_PutStandbyError(LowerArm-P2-Slot9),40664,TRUE,EFEM-Robot_PutStandbyError(LowerArm-P2-Slot9),740
EFEM-Robot_PutStandbyError(LowerArm-P2-Slot10),40665,TRUE,EFEM-Robot_PutStandbyError(LowerArm-P2-Slot10),741
EFEM-Robot_PutStandbyError(LowerArm-P2-Slot11),40666,TRUE,EFEM-Robot_PutStandbyError(LowerArm-P2-Slot11),742
EFEM-Robot_PutStandbyError(LowerArm-P2-Slot12),40667,TRUE,EFEM-Robot_PutStandbyError(LowerArm-P2-Slot12),743
EFEM-Robot_PutStandbyError(LowerArm-P2-Slot13),40668,TRUE,EFEM-Robot_PutStandbyError(LowerArm-P2-Slot13),744
EFEM-Robot_PutStandbyError(LowerArm-P2-Slot14),40669,TRUE,EFEM-Robot_PutStandbyError(LowerArm-P2-Slot14),745
EFEM-Robot_PutStandbyError(LowerArm-P2-Slot15),40670,TRUE,EFEM-Robot_PutStandbyError(LowerArm-P2-Slot15),746
EFEM-Robot_PutStandbyError(LowerArm-P2-Slot16),40671,TRUE,EFEM-Robot_PutStandbyError(LowerArm-P2-Slot16),747
EFEM-Robot_PutStandbyError(LowerArm-P2-Slot17),40672,TRUE,EFEM-Robot_PutStandbyError(LowerArm-P2-Slot17),748
EFEM-Robot_PutStandbyError(LowerArm-P2-Slot18),40673,TRUE,EFEM-Robot_PutStandbyError(LowerArm-P2-Slot18),749
EFEM-Robot_PutStandbyError(LowerArm-P2-Slot19),40674,TRUE,EFEM-Robot_PutStandbyError(LowerArm-P2-Slot19),750
EFEM-Robot_PutStandbyError(LowerArm-P2-Slot20),40675,TRUE,EFEM-Robot_PutStandbyError(LowerArm-P2-Slot20),751
EFEM-Robot_PutStandbyError(LowerArm-P2-Slot21),40676,TRUE,EFEM-Robot_PutStandbyError(LowerArm-P2-Slot21),752
EFEM-Robot_PutStandbyError(LowerArm-P2-Slot22),40677,TRUE,EFEM-Robot_PutStandbyError(LowerArm-P2-Slot22),753
EFEM-Robot_PutStandbyError(LowerArm-P2-Slot23),40678,TRUE,EFEM-Robot_PutStandbyError(LowerArm-P2-Slot23),754
EFEM-Robot_PutStandbyError(LowerArm-P2-Slot24),40679,TRUE,EFEM-Robot_PutStandbyError(LowerArm-P2-Slot24),755
EFEM-Robot_PutStandbyError(LowerArm-P2-Slot25),40680,TRUE,EFEM-Robot_PutStandbyError(LowerArm-P2-Slot25),756
EFEM-Robot_PutStandbyError(UpperArm-P2-Slot1),40681,TRUE,EFEM-Robot_PutStandbyError(UpperArm-P2-Slot1),757
EFEM-Robot_PutStandbyError(UpperArm-P2-Slot2),40682,TRUE,EFEM-Robot_PutStandbyError(UpperArm-P2-Slot2),758
EFEM-Robot_PutStandbyError(UpperArm-P2-Slot3),40683,TRUE,EFEM-Robot_PutStandbyError(UpperArm-P2-Slot3),759
EFEM-Robot_PutStandbyError(UpperArm-P2-Slot4),40684,TRUE,EFEM-Robot_PutStandbyError(UpperArm-P2-Slot4),760
EFEM-Robot_PutStandbyError(UpperArm-P2-Slot5),40685,TRUE,EFEM-Robot_PutStandbyError(UpperArm-P2-Slot5),761
EFEM-Robot_PutStandbyError(UpperArm-P2-Slot6),40686,TRUE,EFEM-Robot_PutStandbyError(UpperArm-P2-Slot6),762
EFEM-Robot_PutStandbyError(UpperArm-P2-Slot7),40687,TRUE,EFEM-Robot_PutStandbyError(UpperArm-P2-Slot7),763
EFEM-Robot_PutStandbyError(UpperArm-P2-Slot8),40688,TRUE,EFEM-Robot_PutStandbyError(UpperArm-P2-Slot8),764
EFEM-Robot_PutStandbyError(UpperArm-P2-Slot9),40689,TRUE,EFEM-Robot_PutStandbyError(UpperArm-P2-Slot9),765
EFEM-Robot_PutStandbyError(UpperArm-P2-Slot10),40690,TRUE,EFEM-Robot_PutStandbyError(UpperArm-P2-Slot10),766
EFEM-Robot_PutStandbyError(UpperArm-P2-Slot11),40691,TRUE,EFEM-Robot_PutStandbyError(UpperArm-P2-Slot11),767
EFEM-Robot_PutStandbyError(UpperArm-P2-Slot12),40692,TRUE,EFEM-Robot_PutStandbyError(UpperArm-P2-Slot12),768
EFEM-Robot_PutStandbyError(UpperArm-P2-Slot13),40693,TRUE,EFEM-Robot_PutStandbyError(UpperArm-P2-Slot13),769
EFEM-Robot_PutStandbyError(UpperArm-P2-Slot14),40694,TRUE,EFEM-Robot_PutStandbyError(UpperArm-P2-Slot14),770
EFEM-Robot_PutStandbyError(UpperArm-P2-Slot15),40695,TRUE,EFEM-Robot_PutStandbyError(UpperArm-P2-Slot15),771
EFEM-Robot_PutStandbyError(UpperArm-P2-Slot16),40696,TRUE,EFEM-Robot_PutStandbyError(UpperArm-P2-Slot16),772
EFEM-Robot_PutStandbyError(UpperArm-P2-Slot17),40697,TRUE,EFEM-Robot_PutStandbyError(UpperArm-P2-Slot17),773
EFEM-Robot_PutStandbyError(UpperArm-P2-Slot18),40698,TRUE,EFEM-Robot_PutStandbyError(UpperArm-P2-Slot18),774
EFEM-Robot_PutStandbyError(UpperArm-P2-Slot19),40699,TRUE,EFEM-Robot_PutStandbyError(UpperArm-P2-Slot19),775
EFEM-Robot_PutStandbyError(UpperArm-P2-Slot20),40700,TRUE,EFEM-Robot_PutStandbyError(UpperArm-P2-Slot20),776
EFEM-Robot_PutStandbyError(UpperArm-P2-Slot21),40701,TRUE,EFEM-Robot_PutStandbyError(UpperArm-P2-Slot21),777
EFEM-Robot_PutStandbyError(UpperArm-P2-Slot22),40702,TRUE,EFEM-Robot_PutStandbyError(UpperArm-P2-Slot22),778
EFEM-Robot_PutStandbyError(UpperArm-P2-Slot23),40703,TRUE,EFEM-Robot_PutStandbyError(UpperArm-P2-Slot23),779
EFEM-Robot_PutStandbyError(UpperArm-P2-Slot24),40704,TRUE,EFEM-Robot_PutStandbyError(UpperArm-P2-Slot24),780
EFEM-Robot_PutStandbyError(UpperArm-P2-Slot25),40705,TRUE,EFEM-Robot_PutStandbyError(UpperArm-P2-Slot25),781
EFEM-Robot_PutStandbyError(LowerArm-Aligner1-Slot1),40706,TRUE,EFEM-Robot_PutStandbyError(LowerArm-Aligner1-Slot1),782
EFEM-Robot_PutStandbyError(LowerArm-Aligner1-Slot2),40707,TRUE,EFEM-Robot_PutStandbyError(LowerArm-Aligner1-Slot2),783
EFEM-Robot_PutStandbyError(LowerArm-Aligner1-Slot3),40708,TRUE,EFEM-Robot_PutStandbyError(LowerArm-Aligner1-Slot3),784
EFEM-Robot_PutStandbyError(LowerArm-Aligner1-Slot4),40709,TRUE,EFEM-Robot_PutStandbyError(LowerArm-Aligner1-Slot4),785
EFEM-Robot_PutStandbyError(LowerArm-Aligner1-Slot5),40710,TRUE,EFEM-Robot_PutStandbyError(LowerArm-Aligner1-Slot5),786
EFEM-Robot_PutStandbyError(LowerArm-Aligner1-Slot6),40711,TRUE,EFEM-Robot_PutStandbyError(LowerArm-Aligner1-Slot6),787
EFEM-Robot_PutStandbyError(LowerArm-Aligner1-Slot7),40712,TRUE,EFEM-Robot_PutStandbyError(LowerArm-Aligner1-Slot7),788
EFEM-Robot_PutStandbyError(LowerArm-Aligner1-Slot8),40713,TRUE,EFEM-Robot_PutStandbyError(LowerArm-Aligner1-Slot8),789
EFEM-Robot_PutStandbyError(LowerArm-Aligner1-Slot9),40714,TRUE,EFEM-Robot_PutStandbyError(LowerArm-Aligner1-Slot9),790
EFEM-Robot_PutStandbyError(LowerArm-Aligner1-Slot10),40715,TRUE,EFEM-Robot_PutStandbyError(LowerArm-Aligner1-Slot10),791
EFEM-Robot_PutStandbyError(LowerArm-Aligner1-Slot11),40716,TRUE,EFEM-Robot_PutStandbyError(LowerArm-Aligner1-Slot11),792
EFEM-Robot_PutStandbyError(LowerArm-Aligner1-Slot12),40717,TRUE,EFEM-Robot_PutStandbyError(LowerArm-Aligner1-Slot12),793
EFEM-Robot_PutStandbyError(LowerArm-Aligner1-Slot13),40718,TRUE,EFEM-Robot_PutStandbyError(LowerArm-Aligner1-Slot13),794
EFEM-Robot_PutStandbyError(LowerArm-Aligner1-Slot14),40719,TRUE,EFEM-Robot_PutStandbyError(LowerArm-Aligner1-Slot14),795
EFEM-Robot_PutStandbyError(LowerArm-Aligner1-Slot15),40720,TRUE,EFEM-Robot_PutStandbyError(LowerArm-Aligner1-Slot15),796
EFEM-Robot_PutStandbyError(LowerArm-Aligner1-Slot16),40721,TRUE,EFEM-Robot_PutStandbyError(LowerArm-Aligner1-Slot16),797
EFEM-Robot_PutStandbyError(LowerArm-Aligner1-Slot17),40722,TRUE,EFEM-Robot_PutStandbyError(LowerArm-Aligner1-Slot17),798
EFEM-Robot_PutStandbyError(LowerArm-Aligner1-Slot18),40723,TRUE,EFEM-Robot_PutStandbyError(LowerArm-Aligner1-Slot18),799
EFEM-Robot_PutStandbyError(LowerArm-Aligner1-Slot19),40724,TRUE,EFEM-Robot_PutStandbyError(LowerArm-Aligner1-Slot19),800
EFEM-Robot_PutStandbyError(LowerArm-Aligner1-Slot20),40725,TRUE,EFEM-Robot_PutStandbyError(LowerArm-Aligner1-Slot20),801
EFEM-Robot_PutStandbyError(LowerArm-Aligner1-Slot21),40726,TRUE,EFEM-Robot_PutStandbyError(LowerArm-Aligner1-Slot21),802
EFEM-Robot_PutStandbyError(LowerArm-Aligner1-Slot22),40727,TRUE,EFEM-Robot_PutStandbyError(LowerArm-Aligner1-Slot22),803
EFEM-Robot_PutStandbyError(LowerArm-Aligner1-Slot23),40728,TRUE,EFEM-Robot_PutStandbyError(LowerArm-Aligner1-Slot23),804
EFEM-Robot_PutStandbyError(LowerArm-Aligner1-Slot24),40729,TRUE,EFEM-Robot_PutStandbyError(LowerArm-Aligner1-Slot24),805
EFEM-Robot_PutStandbyError(LowerArm-Aligner1-Slot25),40730,TRUE,EFEM-Robot_PutStandbyError(LowerArm-Aligner1-Slot25),806
EFEM-Robot_PutStandbyError(UpperArm-Aligner1-Slot1),40731,TRUE,EFEM-Robot_PutStandbyError(UpperArm-Aligner1-Slot1),807
EFEM-Robot_PutStandbyError(UpperArm-Aligner1-Slot2),40732,TRUE,EFEM-Robot_PutStandbyError(UpperArm-Aligner1-Slot2),808
EFEM-Robot_PutStandbyError(UpperArm-Aligner1-Slot3),40733,TRUE,EFEM-Robot_PutStandbyError(UpperArm-Aligner1-Slot3),809
EFEM-Robot_PutStandbyError(UpperArm-Aligner1-Slot4),40734,TRUE,EFEM-Robot_PutStandbyError(UpperArm-Aligner1-Slot4),810
EFEM-Robot_PutStandbyError(UpperArm-Aligner1-Slot5),40735,TRUE,EFEM-Robot_PutStandbyError(UpperArm-Aligner1-Slot5),811
EFEM-Robot_PutStandbyError(UpperArm-Aligner1-Slot6),40736,TRUE,EFEM-Robot_PutStandbyError(UpperArm-Aligner1-Slot6),812
EFEM-Robot_PutStandbyError(UpperArm-Aligner1-Slot7),40737,TRUE,EFEM-Robot_PutStandbyError(UpperArm-Aligner1-Slot7),813
EFEM-Robot_PutStandbyError(UpperArm-Aligner1-Slot8),40738,TRUE,EFEM-Robot_PutStandbyError(UpperArm-Aligner1-Slot8),814
EFEM-Robot_PutStandbyError(UpperArm-Aligner1-Slot9),40739,TRUE,EFEM-Robot_PutStandbyError(UpperArm-Aligner1-Slot9),815
EFEM-Robot_PutStandbyError(UpperArm-Aligner1-Slot10),40740,TRUE,EFEM-Robot_PutStandbyError(UpperArm-Aligner1-Slot10),816
EFEM-Robot_PutStandbyError(UpperArm-Aligner1-Slot11),40741,TRUE,EFEM-Robot_PutStandbyError(UpperArm-Aligner1-Slot11),817
EFEM-Robot_PutStandbyError(UpperArm-Aligner1-Slot12),40742,TRUE,EFEM-Robot_PutStandbyError(UpperArm-Aligner1-Slot12),818
EFEM-Robot_PutStandbyError(UpperArm-Aligner1-Slot13),40743,TRUE,EFEM-Robot_PutStandbyError(UpperArm-Aligner1-Slot13),819
EFEM-Robot_PutStandbyError(UpperArm-Aligner1-Slot14),40744,TRUE,EFEM-Robot_PutStandbyError(UpperArm-Aligner1-Slot14),820
EFEM-Robot_PutStandbyError(UpperArm-Aligner1-Slot15),40745,TRUE,EFEM-Robot_PutStandbyError(UpperArm-Aligner1-Slot15),821
EFEM-Robot_PutStandbyError(UpperArm-Aligner1-Slot16),40746,TRUE,EFEM-Robot_PutStandbyError(UpperArm-Aligner1-Slot16),822
EFEM-Robot_PutStandbyError(UpperArm-Aligner1-Slot17),40747,TRUE,EFEM-Robot_PutStandbyError(UpperArm-Aligner1-Slot17),823
EFEM-Robot_PutStandbyError(UpperArm-Aligner1-Slot18),40748,TRUE,EFEM-Robot_PutStandbyError(UpperArm-Aligner1-Slot18),824
EFEM-Robot_PutStandbyError(UpperArm-Aligner1-Slot19),40749,TRUE,EFEM-Robot_PutStandbyError(UpperArm-Aligner1-Slot19),825
EFEM-Robot_PutStandbyError(UpperArm-Aligner1-Slot20),40750,TRUE,EFEM-Robot_PutStandbyError(UpperArm-Aligner1-Slot20),826
EFEM-Robot_PutStandbyError(UpperArm-Aligner1-Slot21),40751,TRUE,EFEM-Robot_PutStandbyError(UpperArm-Aligner1-Slot21),827
EFEM-Robot_PutStandbyError(UpperArm-Aligner1-Slot22),40752,TRUE,EFEM-Robot_PutStandbyError(UpperArm-Aligner1-Slot22),828
EFEM-Robot_PutStandbyError(UpperArm-Aligner1-Slot23),40753,TRUE,EFEM-Robot_PutStandbyError(UpperArm-Aligner1-Slot23),829
EFEM-Robot_PutStandbyError(UpperArm-Aligner1-Slot24),40754,TRUE,EFEM-Robot_PutStandbyError(UpperArm-Aligner1-Slot24),830
EFEM-Robot_PutStandbyError(UpperArm-Aligner1-Slot25),40755,TRUE,EFEM-Robot_PutStandbyError(UpperArm-Aligner1-Slot25),831
EFEM-Robot_PutStandbyError(LowerArm-Stage1-Slot1),40756,TRUE,EFEM-Robot_PutStandbyError(LowerArm-Stage1-Slot1),832
EFEM-Robot_PutStandbyError(LowerArm-Stage1-Slot2),40757,TRUE,EFEM-Robot_PutStandbyError(LowerArm-Stage1-Slot2),833
EFEM-Robot_PutStandbyError(LowerArm-Stage1-Slot3),40758,TRUE,EFEM-Robot_PutStandbyError(LowerArm-Stage1-Slot3),834
EFEM-Robot_PutStandbyError(LowerArm-Stage1-Slot4),40759,TRUE,EFEM-Robot_PutStandbyError(LowerArm-Stage1-Slot4),835
EFEM-Robot_PutStandbyError(LowerArm-Stage1-Slot5),40760,TRUE,EFEM-Robot_PutStandbyError(LowerArm-Stage1-Slot5),836
EFEM-Robot_PutStandbyError(LowerArm-Stage1-Slot6),40761,TRUE,EFEM-Robot_PutStandbyError(LowerArm-Stage1-Slot6),837
EFEM-Robot_PutStandbyError(LowerArm-Stage1-Slot7),40762,TRUE,EFEM-Robot_PutStandbyError(LowerArm-Stage1-Slot7),838
EFEM-Robot_PutStandbyError(LowerArm-Stage1-Slot8),40763,TRUE,EFEM-Robot_PutStandbyError(LowerArm-Stage1-Slot8),839
EFEM-Robot_PutStandbyError(LowerArm-Stage1-Slot9),40764,TRUE,EFEM-Robot_PutStandbyError(LowerArm-Stage1-Slot9),840
EFEM-Robot_PutStandbyError(LowerArm-Stage1-Slot10),40765,TRUE,EFEM-Robot_PutStandbyError(LowerArm-Stage1-Slot10),841
EFEM-Robot_PutStandbyError(LowerArm-Stage1-Slot11),40766,TRUE,EFEM-Robot_PutStandbyError(LowerArm-Stage1-Slot11),842
EFEM-Robot_PutStandbyError(LowerArm-Stage1-Slot12),40767,TRUE,EFEM-Robot_PutStandbyError(LowerArm-Stage1-Slot12),843
EFEM-Robot_PutStandbyError(LowerArm-Stage1-Slot13),40768,TRUE,EFEM-Robot_PutStandbyError(LowerArm-Stage1-Slot13),844
EFEM-Robot_PutStandbyError(LowerArm-Stage1-Slot14),40769,TRUE,EFEM-Robot_PutStandbyError(LowerArm-Stage1-Slot14),845
EFEM-Robot_PutStandbyError(LowerArm-Stage1-Slot15),40770,TRUE,EFEM-Robot_PutStandbyError(LowerArm-Stage1-Slot15),846
EFEM-Robot_PutStandbyError(LowerArm-Stage1-Slot16),40771,TRUE,EFEM-Robot_PutStandbyError(LowerArm-Stage1-Slot16),847
EFEM-Robot_PutStandbyError(LowerArm-Stage1-Slot17),40772,TRUE,EFEM-Robot_PutStandbyError(LowerArm-Stage1-Slot17),848
EFEM-Robot_PutStandbyError(LowerArm-Stage1-Slot18),40773,TRUE,EFEM-Robot_PutStandbyError(LowerArm-Stage1-Slot18),849
EFEM-Robot_PutStandbyError(LowerArm-Stage1-Slot19),40774,TRUE,EFEM-Robot_PutStandbyError(LowerArm-Stage1-Slot19),850
EFEM-Robot_PutStandbyError(LowerArm-Stage1-Slot20),40775,TRUE,EFEM-Robot_PutStandbyError(LowerArm-Stage1-Slot20),851
EFEM-Robot_PutStandbyError(LowerArm-Stage1-Slot21),40776,TRUE,EFEM-Robot_PutStandbyError(LowerArm-Stage1-Slot21),852
EFEM-Robot_PutStandbyError(LowerArm-Stage1-Slot22),40777,TRUE,EFEM-Robot_PutStandbyError(LowerArm-Stage1-Slot22),853
EFEM-Robot_PutStandbyError(LowerArm-Stage1-Slot23),40778,TRUE,EFEM-Robot_PutStandbyError(LowerArm-Stage1-Slot23),854
EFEM-Robot_PutStandbyError(LowerArm-Stage1-Slot24),40779,TRUE,EFEM-Robot_PutStandbyError(LowerArm-Stage1-Slot24),855
EFEM-Robot_PutStandbyError(LowerArm-Stage1-Slot25),40780,TRUE,EFEM-Robot_PutStandbyError(LowerArm-Stage1-Slot25),856
EFEM-Robot_PutStandbyError(UpperArm-Stage1-Slot1),40781,TRUE,EFEM-Robot_PutStandbyError(UpperArm-Stage1-Slot1),857
EFEM-Robot_PutStandbyError(UpperArm-Stage1-Slot2),40782,TRUE,EFEM-Robot_PutStandbyError(UpperArm-Stage1-Slot2),858
EFEM-Robot_PutStandbyError(UpperArm-Stage1-Slot3),40783,TRUE,EFEM-Robot_PutStandbyError(UpperArm-Stage1-Slot3),859
EFEM-Robot_PutStandbyError(UpperArm-Stage1-Slot4),40784,TRUE,EFEM-Robot_PutStandbyError(UpperArm-Stage1-Slot4),860
EFEM-Robot_PutStandbyError(UpperArm-Stage1-Slot5),40785,TRUE,EFEM-Robot_PutStandbyError(UpperArm-Stage1-Slot5),861
EFEM-Robot_PutStandbyError(UpperArm-Stage1-Slot6),40786,TRUE,EFEM-Robot_PutStandbyError(UpperArm-Stage1-Slot6),862
EFEM-Robot_PutStandbyError(UpperArm-Stage1-Slot7),40787,TRUE,EFEM-Robot_PutStandbyError(UpperArm-Stage1-Slot7),863
EFEM-Robot_PutStandbyError(UpperArm-Stage1-Slot8),40788,TRUE,EFEM-Robot_PutStandbyError(UpperArm-Stage1-Slot8),864
EFEM-Robot_PutStandbyError(UpperArm-Stage1-Slot9),40789,TRUE,EFEM-Robot_PutStandbyError(UpperArm-Stage1-Slot9),865
EFEM-Robot_PutStandbyError(UpperArm-Stage1-Slot10),40790,TRUE,EFEM-Robot_PutStandbyError(UpperArm-Stage1-Slot10),866
EFEM-Robot_PutStandbyError(UpperArm-Stage1-Slot11),40791,TRUE,EFEM-Robot_PutStandbyError(UpperArm-Stage1-Slot11),867
EFEM-Robot_PutStandbyError(UpperArm-Stage1-Slot12),40792,TRUE,EFEM-Robot_PutStandbyError(UpperArm-Stage1-Slot12),868
EFEM-Robot_PutStandbyError(UpperArm-Stage1-Slot13),40793,TRUE,EFEM-Robot_PutStandbyError(UpperArm-Stage1-Slot13),869
EFEM-Robot_PutStandbyError(UpperArm-Stage1-Slot14),40794,TRUE,EFEM-Robot_PutStandbyError(UpperArm-Stage1-Slot14),870
EFEM-Robot_PutStandbyError(UpperArm-Stage1-Slot15),40795,TRUE,EFEM-Robot_PutStandbyError(UpperArm-Stage1-Slot15),871
EFEM-Robot_PutStandbyError(UpperArm-Stage1-Slot16),40796,TRUE,EFEM-Robot_PutStandbyError(UpperArm-Stage1-Slot16),872
EFEM-Robot_PutStandbyError(UpperArm-Stage1-Slot17),40797,TRUE,EFEM-Robot_PutStandbyError(UpperArm-Stage1-Slot17),873
EFEM-Robot_PutStandbyError(UpperArm-Stage1-Slot18),40798,TRUE,EFEM-Robot_PutStandbyError(UpperArm-Stage1-Slot18),874
EFEM-Robot_PutStandbyError(UpperArm-Stage1-Slot19),40799,TRUE,EFEM-Robot_PutStandbyError(UpperArm-Stage1-Slot19),875
EFEM-Robot_PutStandbyError(UpperArm-Stage1-Slot20),40800,TRUE,EFEM-Robot_PutStandbyError(UpperArm-Stage1-Slot20),876
EFEM-Robot_PutStandbyError(UpperArm-Stage1-Slot21),40801,TRUE,EFEM-Robot_PutStandbyError(UpperArm-Stage1-Slot21),877
EFEM-Robot_PutStandbyError(UpperArm-Stage1-Slot22),40802,TRUE,EFEM-Robot_PutStandbyError(UpperArm-Stage1-Slot22),878
EFEM-Robot_PutStandbyError(UpperArm-Stage1-Slot23),40803,TRUE,EFEM-Robot_PutStandbyError(UpperArm-Stage1-Slot23),879
EFEM-Robot_PutStandbyError(UpperArm-Stage1-Slot24),40804,TRUE,EFEM-Robot_PutStandbyError(UpperArm-Stage1-Slot24),880
EFEM-Robot_PutStandbyError(UpperArm-Stage1-Slot25),40805,TRUE,EFEM-Robot_PutStandbyError(UpperArm-Stage1-Slot25),881
EFEM-Robot_VacuumOnError(LowerArm),40806,TRUE,EFEM-Robot_VacuumOnError(LowerArm),882
EFEM-Robot_VacuumOnError(UpperArm),40807,TRUE,EFEM-Robot_VacuumOnError(UpperArm),883
EFEM-Robot_VacuumOffError(LowerArm),40808,TRUE,EFEM-Robot_VacuumOffError(LowerArm),884
EFEM-Robot_VacuumOffError(UpperArm),40809,TRUE,EFEM-Robot_VacuumOffError(UpperArm),885
EFEM-Aligner1_GetStatusError,50001,TRUE,EFEM-Aligner1_GetStatusError,886
EFEM-Aligner1_HomeError,50002,TRUE,EFEM-Aligner1_HomeError,887
EFEM-Aligner1_ResetError,50003,TRUE,EFEM-Aligner1_ResetError,888
EFEM-Aligner1_AlignmentError,50004,TRUE,EFEM-Aligner1_AlignmentError,889
EFEM-Aligner1_ToAngleError,50005,TRUE,EFEM-Aligner1_ToAngleError,890
EFEM-Aligner1_GetAlignerDegreeError,50006,TRUE,EFEM-Aligner1_GetAlignerDegreeError,891
EFEM-Aligner1_SetAlignerDegreeError,50007,TRUE,EFEM-Aligner1_SetAlignerDegreeError,892
EFEM-Aligner1_AlignerVacuumOnError,50008,TRUE,EFEM-Aligner1_AlignerVacuumOnError,893
EFEM-Aligner1_AlignerVacuumOffError,50009,TRUE,EFEM-Aligner1_AlignerVacuumOffError,894
EFEM-IO_SignalTowerError(AllOff),60001,TRUE,EFEM-IO_SignalTowerError(AllOff),895
EFEM-IO_SignalTowerError(RedOn),60002,TRUE,EFEM-IO_SignalTowerError(RedOn),896
EFEM-IO_SignalTowerError(RedOff),60003,TRUE,EFEM-IO_SignalTowerError(RedOff),897
EFEM-IO_SignalTowerError(RedFlash),60004,TRUE,EFEM-IO_SignalTowerError(RedFlash),898
EFEM-IO_SignalTowerError(YellowOn),60005,TRUE,EFEM-IO_SignalTowerError(YellowOn),899
EFEM-IO_SignalTowerError(YellowOff),60006,TRUE,EFEM-IO_SignalTowerError(YellowOff),900
EFEM-IO_SignalTowerError(YellowFlash),60007,TRUE,EFEM-IO_SignalTowerError(YellowFlash),901
EFEM-IO_SignalTowerError(GreenOn),60008,TRUE,EFEM-IO_SignalTowerError(GreenOn),902
EFEM-IO_SignalTowerError(GreenOff),60009,TRUE,EFEM-IO_SignalTowerError(GreenOff),903
EFEM-IO_SignalTowerError(GreenFlash),60010,TRUE,EFEM-IO_SignalTowerError(GreenFlash),904
EFEM-IO_SetFFUVoltageError,60011,TRUE,EFEM-IO_SetFFUVoltageError,905
EFEM-IO_GetPressureDifferenceError,60012,TRUE,EFEM-IO_GetPressureDifferenceError,906
EFEM-IO_BuzzerOnError,60013,TRUE,EFEM-IO_BuzzerOnError,907
EFEM-IO_BuzzerOffError,60014,TRUE,EFEM-IO_BuzzerOffError,908
EFEM-IO_BuzzerFlashError,60015,TRUE,EFEM-IO_BuzzerFlashError,909
EFEM-IO_GetEFEMInterlockError,60016,TRUE,EFEM-IO_GetEFEMInterlockError,910
EFEM-IO_SetEFEMInterlockOnError,60017,TRUE,EFEM-IO_SetEFEMInterlockOnError,911
EFEM-IO_SetEFEMInterlockOffError,60018,TRUE,EFEM-IO_SetEFEMInterlockOffError,912
EFEM-IO_GetEQInterlockError,60019,TRUE,EFEM-IO_GetEQInterlockError,913
EFEM-BarcodeReader_P1_ReadError,70001,TRUE,EFEM-BarcodeReader_P1_ReadError,914
EFEM-BarcodeReader_P2_ReadError,70002,TRUE,EFEM-BarcodeReader_P2_ReadError,915
EFEM-OCRReader_P1_ReadError,80001,TRUE,EFEM-OCRReader_P1_ReadError,916
EFEM-OCRReader_P2_ReadError,80002,TRUE,EFEM-OCRReader_P2_ReadError,917
EFEM-OCRReader_P1_ConnectError,80003,TRUE,EFEM-OCRReader_P1_ConnectError,918
EFEM-OCRReader_P2_ConnectError,80004,TRUE,EFEM-OCRReader_P2_ConnectError,919
